id,direction,lat,lon
0,0,-38.045218999999975,-71.27999099999994
1,1,-38.045218999999975,-71.27999099999994
2,2,-38.045218999999975,-71.27999099999994
3,3,-38.045218999999975,-71.27999099999994
4,0,-38.07830599999994,-71.38552799999997
5,1,-38.07830599999994,-71.38552799999997
6,2,-38.07830599999994,-71.38552799999997
7,3,-38.07830599999994,-71.38552799999997
8,0,-38.09119399999997,-71.41138799999999
9,1,-38.09119399999997,-71.41138799999999
10,2,-38.09119399999997,-71.41138799999999
11,3,-38.09119399999997,-71.41138799999999
12,0,-37.82691599999998,-71.56149999999997
13,1,-37.82691599999998,-71.56149999999997
14,2,-37.82691599999998,-71.56149999999997
15,3,-37.82691599999998,-71.56149999999997
16,0,-37.88686099999995,-71.63030599999996
17,1,-37.88686099999995,-71.63030599999996
18,2,-37.88686099999995,-71.63030599999996
19,3,-37.88686099999995,-71.63030599999996
20,0,-37.32819399999994,-71.66188899999997
21,1,-37.32819399999994,-71.66188899999997
22,2,-37.32819399999994,-71.66188899999997
23,3,-37.32819399999994,-71.66188899999997
24,0,-37.35647199999994,-71.66644399999996
25,1,-37.35647199999994,-71.66644399999996
26,2,-37.35647199999994,-71.66644399999996
27,3,-37.35647199999994,-71.66644399999996
28,0,-37.62777799999998,-71.66958299999999
29,1,-37.62777799999998,-71.66958299999999
30,2,-37.62777799999998,-71.66958299999999
31,3,-37.62777799999998,-71.66958299999999
32,0,-38.05848299999997,-71.68513099999996
33,1,-38.05848299999997,-71.68513099999996
34,2,-38.05848299999997,-71.68513099999996
35,3,-38.05848299999997,-71.68513099999996
36,0,-37.769916999999964,-71.70349999999996
37,1,-37.769916999999964,-71.70349999999996
38,2,-37.769916999999964,-71.70349999999996
39,3,-37.769916999999964,-71.70349999999996
40,0,-37.32647999999995,-71.70450799999998
41,1,-37.32647999999995,-71.70450799999998
42,2,-37.32647999999995,-71.70450799999998
43,3,-37.32647999999995,-71.70450799999998
44,0,-37.651971999999944,-71.71102799999994
45,1,-37.651971999999944,-71.71102799999994
46,2,-37.651971999999944,-71.71102799999994
47,3,-37.651971999999944,-71.71102799999994
48,0,-37.67474999999996,-71.71419399999996
49,1,-37.67474999999996,-71.71419399999996
50,2,-37.67474999999996,-71.71419399999996
51,3,-37.67474999999996,-71.71419399999996
52,0,-37.335770999999966,-71.73140699999993
53,1,-37.335770999999966,-71.73140699999993
54,2,-37.335770999999966,-71.73140699999993
55,3,-37.335770999999966,-71.73140699999993
56,0,-37.69041299999998,-71.74322399999994
57,1,-37.69041299999998,-71.74322399999994
58,2,-37.69041299999998,-71.74322399999994
59,3,-37.69041299999998,-71.74322399999994
60,0,-37.59347199999996,-71.74797199999995
61,1,-37.59347199999996,-71.74797199999995
62,2,-37.59347199999996,-71.74797199999995
63,3,-37.59347199999996,-71.74797199999995
64,0,-37.21011099999998,-71.78069399999998
65,1,-37.21011099999998,-71.78069399999998
66,2,-37.21011099999998,-71.78069399999998
67,3,-37.21011099999998,-71.78069399999998
68,0,-37.70083299999993,-71.79444399999994
69,1,-37.70083299999993,-71.79444399999994
70,2,-37.70083299999993,-71.79444399999994
71,3,-37.70083299999993,-71.79444399999994
72,0,-37.22604999999993,-71.79668299999997
73,1,-37.22604999999993,-71.79668299999997
74,2,-37.22604999999993,-71.79668299999997
75,3,-37.22604999999993,-71.79668299999997
76,0,-37.49413899999996,-71.82669399999997
77,1,-37.49413899999996,-71.82669399999997
78,2,-37.49413899999996,-71.82669399999997
79,3,-37.49413899999996,-71.82669399999997
80,0,-37.35322199999996,-71.84149999999994
81,1,-37.35322199999996,-71.84149999999994
82,2,-37.35322199999996,-71.84149999999994
83,3,-37.35322199999996,-71.84149999999994
84,0,-37.364221999999984,-71.86030599999998
85,1,-37.364221999999984,-71.86030599999998
86,2,-37.364221999999984,-71.86030599999998
87,3,-37.364221999999984,-71.86030599999998
88,0,-37.58645699999994,-71.88124399999998
89,1,-37.58645699999994,-71.88124399999998
90,2,-37.58645699999994,-71.88124399999998
91,3,-37.58645699999994,-71.88124399999998
92,0,-37.229026999999974,-71.90347199999997
93,1,-37.229026999999974,-71.90347199999997
94,2,-37.229026999999974,-71.90347199999997
95,3,-37.229026999999974,-71.90347199999997
96,0,-37.557999999999936,-71.90694399999995
97,1,-37.557999999999936,-71.90694399999995
98,2,-37.557999999999936,-71.90694399999995
99,3,-37.557999999999936,-71.90694399999995
100,0,-37.26694399999997,-71.90708299999994
101,1,-37.26694399999997,-71.90708299999994
102,2,-37.26694399999997,-71.90708299999994
103,3,-37.26694399999997,-71.90708299999994
104,0,-37.517799999999966,-71.91754999999995
105,1,-37.517799999999966,-71.91754999999995
106,2,-37.517799999999966,-71.91754999999995
107,3,-37.517799999999966,-71.91754999999995
108,0,-37.586138999999946,-71.91994399999999
109,1,-37.586138999999946,-71.91994399999999
110,2,-37.586138999999946,-71.91994399999999
111,3,-37.586138999999946,-71.91994399999999
112,0,-37.328735999999935,-71.92295199999995
113,1,-37.328735999999935,-71.92295199999995
114,2,-37.328735999999935,-71.92295199999995
115,3,-37.328735999999935,-71.92295199999995
116,0,-37.73452499999996,-71.93798399999997
117,1,-37.73452499999996,-71.93798399999997
118,2,-37.73452499999996,-71.93798399999997
119,3,-37.73452499999996,-71.93798399999997
120,0,-37.24032299999993,-71.94229899999993
121,1,-37.24032299999993,-71.94229899999993
122,2,-37.24032299999993,-71.94229899999993
123,3,-37.24032299999993,-71.94229899999993
124,0,-37.79402799999997,-71.94294399999995
125,1,-37.79402799999997,-71.94294399999995
126,2,-37.79402799999997,-71.94294399999995
127,3,-37.79402799999997,-71.94294399999995
128,0,-37.23104799999993,-71.94370099999998
129,1,-37.23104799999993,-71.94370099999998
130,2,-37.23104799999993,-71.94370099999998
131,3,-37.23104799999993,-71.94370099999998
132,0,-37.29622199999994,-71.94463899999994
133,1,-37.29622199999994,-71.94463899999994
134,2,-37.29622199999994,-71.94463899999994
135,3,-37.29622199999994,-71.94463899999994
136,0,-37.24600799999996,-71.94515099999995
137,1,-37.24600799999996,-71.94515099999995
138,2,-37.24600799999996,-71.94515099999995
139,3,-37.24600799999996,-71.94515099999995
140,0,-37.467457999999965,-71.97153299999997
141,1,-37.467457999999965,-71.97153299999997
142,2,-37.467457999999965,-71.97153299999997
143,3,-37.467457999999965,-71.97153299999997
144,0,-37.394555999999966,-71.99486099999996
145,1,-37.394555999999966,-71.99486099999996
146,2,-37.394555999999966,-71.99486099999996
147,3,-37.394555999999966,-71.99486099999996
148,0,-37.666447999999946,-72.02003799999994
149,1,-37.666447999999946,-72.02003799999994
150,2,-37.666447999999946,-72.02003799999994
151,3,-37.666447999999946,-72.02003799999994
152,0,-37.683888999999965,-72.02869399999997
153,1,-37.683888999999965,-72.02869399999997
154,2,-37.683888999999965,-72.02869399999997
155,3,-37.683888999999965,-72.02869399999997
156,0,-37.78250299999996,-72.06786399999999
157,1,-37.78250299999996,-72.06786399999999
158,2,-37.78250299999996,-72.06786399999999
159,3,-37.78250299999996,-72.06786399999999
160,0,-37.57195299999995,-72.07151399999998
161,1,-37.57195299999995,-72.07151399999998
162,2,-37.57195299999995,-72.07151399999998
163,3,-37.57195299999995,-72.07151399999998
164,0,-37.36666699999995,-72.09991699999995
165,1,-37.36666699999995,-72.09991699999995
166,2,-37.36666699999995,-72.09991699999995
167,3,-37.36666699999995,-72.09991699999995
168,0,-37.618518999999935,-72.10755599999999
169,1,-37.618518999999935,-72.10755599999999
170,2,-37.618518999999935,-72.10755599999999
171,3,-37.618518999999935,-72.10755599999999
172,0,-37.588705999999945,-72.11434199999997
173,1,-37.588705999999945,-72.11434199999997
174,2,-37.588705999999945,-72.11434199999997
175,3,-37.588705999999945,-72.11434199999997
176,0,-37.67878299999995,-72.11874199999994
177,1,-37.67878299999995,-72.11874199999994
178,2,-37.67878299999995,-72.11874199999994
179,3,-37.67878299999995,-72.11874199999994
180,0,-37.43832999999995,-72.13395199999997
181,1,-37.43832999999995,-72.13395199999997
182,2,-37.43832999999995,-72.13395199999997
183,3,-37.43832999999995,-72.13395199999997
184,0,-37.88869399999993,-72.14480599999996
185,1,-37.88869399999993,-72.14480599999996
186,2,-37.88869399999993,-72.14480599999996
187,3,-37.88869399999993,-72.14480599999996
188,0,-37.564971999999955,-72.15855599999998
189,1,-37.564971999999955,-72.15855599999998
190,2,-37.564971999999955,-72.15855599999998
191,3,-37.564971999999955,-72.15855599999998
192,0,-37.62941699999993,-72.16674999999998
193,1,-37.62941699999993,-72.16674999999998
194,2,-37.62941699999993,-72.16674999999998
195,3,-37.62941699999993,-72.16674999999998
196,0,-37.54880499999996,-72.20502299999998
197,1,-37.54880499999996,-72.20502299999998
198,2,-37.54880499999996,-72.20502299999998
199,3,-37.54880499999996,-72.20502299999998
200,0,-37.48383299999995,-72.21008299999994
201,1,-37.48383299999995,-72.21008299999994
202,2,-37.48383299999995,-72.21008299999994
203,3,-37.48383299999995,-72.21008299999994
204,0,-37.435779999999966,-72.21916399999998
205,1,-37.435779999999966,-72.21916399999998
206,2,-37.435779999999966,-72.21916399999998
207,3,-37.435779999999966,-72.21916399999998
208,0,-37.53236199999998,-72.22415299999994
209,1,-37.53236199999998,-72.22415299999994
210,2,-37.53236199999998,-72.22415299999994
211,3,-37.53236199999998,-72.22415299999994
212,0,-37.38405499999993,-72.22641699999997
213,1,-37.38405499999993,-72.22641699999997
214,2,-37.38405499999993,-72.22641699999997
215,3,-37.38405499999993,-72.22641699999997
216,0,-37.29993099999996,-72.22897799999998
217,1,-37.29993099999996,-72.22897799999998
218,2,-37.29993099999996,-72.22897799999998
219,3,-37.29993099999996,-72.22897799999998
220,0,-37.73363899999998,-72.23224999999996
221,1,-37.73363899999998,-72.23224999999996
222,2,-37.73363899999998,-72.23224999999996
223,3,-37.73363899999998,-72.23224999999996
224,0,-37.72518199999996,-72.23348699999997
225,1,-37.72518199999996,-72.23348699999997
226,2,-37.72518199999996,-72.23348699999997
227,3,-37.72518199999996,-72.23348699999997
228,0,-37.202459999999974,-72.23413299999999
229,1,-37.202459999999974,-72.23413299999999
230,2,-37.202459999999974,-72.23413299999999
231,3,-37.202459999999974,-72.23413299999999
232,0,-37.715885999999955,-72.24489399999999
233,1,-37.715885999999955,-72.24489399999999
234,2,-37.715885999999955,-72.24489399999999
235,3,-37.715885999999955,-72.24489399999999
236,0,-37.72730599999994,-72.24916699999994
237,1,-37.72730599999994,-72.24916699999994
238,2,-37.72730599999994,-72.24916699999994
239,3,-37.72730599999994,-72.24916699999994
240,0,-37.68827599999997,-72.25000799999998
241,1,-37.68827599999997,-72.25000799999998
242,2,-37.68827599999997,-72.25000799999998
243,3,-37.68827599999997,-72.25000799999998
244,0,-37.63100499999996,-72.27051899999998
245,1,-37.63100499999996,-72.27051899999998
246,2,-37.63100499999996,-72.27051899999998
247,3,-37.63100499999996,-72.27051899999998
248,0,-37.509166999999934,-72.27749999999997
249,1,-37.509166999999934,-72.27749999999997
250,2,-37.509166999999934,-72.27749999999997
251,3,-37.509166999999934,-72.27749999999997
252,0,-37.04591899999997,-72.28115299999996
253,1,-37.04591899999997,-72.28115299999996
254,2,-37.04591899999997,-72.28115299999996
255,3,-37.04591899999997,-72.28115299999996
256,0,-37.45836099999997,-72.28530599999993
257,1,-37.45836099999997,-72.28530599999993
258,2,-37.45836099999997,-72.28530599999993
259,3,-37.45836099999997,-72.28530599999993
260,0,-37.55372999999997,-72.29704999999996
261,1,-37.55372999999997,-72.29704999999996
262,2,-37.55372999999997,-72.29704999999996
263,3,-37.55372999999997,-72.29704999999996
264,0,-37.37602799999996,-72.29888899999997
265,1,-37.37602799999996,-72.29888899999997
266,2,-37.37602799999996,-72.29888899999997
267,3,-37.37602799999996,-72.29888899999997
268,0,-37.43516699999998,-72.30558299999996
269,1,-37.43516699999998,-72.30558299999996
270,2,-37.43516699999998,-72.30558299999996
271,3,-37.43516699999998,-72.30558299999996
272,0,-37.53283099999993,-72.31388599999997
273,1,-37.53283099999993,-72.31388599999997
274,2,-37.53283099999993,-72.31388599999997
275,3,-37.53283099999993,-72.31388599999997
276,0,-37.796032999999966,-72.31727199999995
277,1,-37.796032999999966,-72.31727199999995
278,2,-37.796032999999966,-72.31727199999995
279,3,-37.796032999999966,-72.31727199999995
280,0,-37.46529199999998,-72.31936999999994
281,1,-37.46529199999998,-72.31936999999994
282,2,-37.46529199999998,-72.31936999999994
283,3,-37.46529199999998,-72.31936999999994
284,0,-37.504456999999945,-72.32316099999997
285,1,-37.504456999999945,-72.32316099999997
286,2,-37.504456999999945,-72.32316099999997
287,3,-37.504456999999945,-72.32316099999997
288,0,-37.085429999999974,-72.32488899999998
289,1,-37.085429999999974,-72.32488899999998
290,2,-37.085429999999974,-72.32488899999998
291,3,-37.085429999999974,-72.32488899999998
292,0,-37.47174999999993,-72.32488899999998
293,1,-37.47174999999993,-72.32488899999998
294,2,-37.47174999999993,-72.32488899999998
295,3,-37.47174999999993,-72.32488899999998
296,0,-37.49077699999998,-72.32556099999994
297,1,-37.49077699999998,-72.32556099999994
298,2,-37.49077699999998,-72.32556099999994
299,3,-37.49077699999998,-72.32556099999994
300,0,-37.45077799999996,-72.32583299999999
301,1,-37.45077799999996,-72.32583299999999
302,2,-37.45077799999996,-72.32583299999999
303,3,-37.45077799999996,-72.32583299999999
304,0,-37.437224999999955,-72.32657999999998
305,1,-37.437224999999955,-72.32657999999998
306,2,-37.437224999999955,-72.32657999999998
307,3,-37.437224999999955,-72.32657999999998
308,0,-37.46438899999998,-72.32783299999994
309,1,-37.46438899999998,-72.32783299999994
310,2,-37.46438899999998,-72.32783299999994
311,3,-37.46438899999998,-72.32783299999994
312,0,-37.48579999999998,-72.32809999999995
313,1,-37.48579999999998,-72.32809999999995
314,2,-37.48579999999998,-72.32809999999995
315,3,-37.48579999999998,-72.32809999999995
316,0,-37.44422999999995,-72.33216999999996
317,1,-37.44422999999995,-72.33216999999996
318,2,-37.44422999999995,-72.33216999999996
319,3,-37.44422999999995,-72.33216999999996
320,0,-37.098832999999956,-72.33305799999994
321,1,-37.098832999999956,-72.33305799999994
322,2,-37.098832999999956,-72.33305799999994
323,3,-37.098832999999956,-72.33305799999994
324,0,-37.49510899999996,-72.33525299999997
325,1,-37.49510899999996,-72.33525299999997
326,2,-37.49510899999996,-72.33525299999997
327,3,-37.49510899999996,-72.33525299999997
328,0,-37.489623999999935,-72.33527699999996
329,1,-37.489623999999935,-72.33527699999996
330,2,-37.489623999999935,-72.33527699999996
331,3,-37.489623999999935,-72.33527699999996
332,0,-37.467476999999974,-72.33670699999993
333,1,-37.467476999999974,-72.33670699999993
334,2,-37.467476999999974,-72.33670699999993
335,3,-37.467476999999974,-72.33670699999993
336,0,-37.475814999999955,-72.33725799999996
337,1,-37.475814999999955,-72.33725799999996
338,2,-37.475814999999955,-72.33725799999996
339,3,-37.475814999999955,-72.33725799999996
340,0,-37.46909999999997,-72.34029999999996
341,1,-37.46909999999997,-72.34029999999996
342,2,-37.46909999999997,-72.34029999999996
343,3,-37.46909999999997,-72.34029999999996
344,0,-37.459415999999976,-72.34168499999998
345,1,-37.459415999999976,-72.34168499999998
346,2,-37.459415999999976,-72.34168499999998
347,3,-37.459415999999976,-72.34168499999998
348,0,-37.41141099999993,-72.34259099999997
349,1,-37.41141099999993,-72.34259099999997
350,2,-37.41141099999993,-72.34259099999997
351,3,-37.41141099999993,-72.34259099999997
352,0,-37.45277799999997,-72.34277799999995
353,1,-37.45277799999997,-72.34277799999995
354,2,-37.45277799999997,-72.34277799999995
355,3,-37.45277799999997,-72.34277799999995
356,0,-37.484136999999976,-72.34559599999994
357,1,-37.484136999999976,-72.34559599999994
358,2,-37.484136999999976,-72.34559599999994
359,3,-37.484136999999976,-72.34559599999994
360,0,-37.47388899999993,-72.34722199999999
361,1,-37.47388899999993,-72.34722199999999
362,2,-37.47388899999993,-72.34722199999999
363,3,-37.47388899999993,-72.34722199999999
364,0,-37.46719399999995,-72.34766699999994
365,1,-37.46719399999995,-72.34766699999994
366,2,-37.46719399999995,-72.34766699999994
367,3,-37.46719399999995,-72.34766699999994
368,0,-37.45883399999997,-72.34785899999997
369,1,-37.45883399999997,-72.34785899999997
370,2,-37.45883399999997,-72.34785899999997
371,3,-37.45883399999997,-72.34785899999997
372,0,-37.47376499999996,-72.34907499999997
373,1,-37.47376499999996,-72.34907499999997
374,2,-37.47376499999996,-72.34907499999997
375,3,-37.47376499999996,-72.34907499999997
376,0,-37.474744999999984,-72.34921599999996
377,1,-37.474744999999984,-72.34921599999996
378,2,-37.474744999999984,-72.34921599999996
379,3,-37.474744999999984,-72.34921599999996
380,0,-37.47034999999994,-72.34991799999995
381,1,-37.47034999999994,-72.34991799999995
382,2,-37.47034999999994,-72.34991799999995
383,3,-37.47034999999994,-72.34991799999995
384,0,-37.47125099999994,-72.35016099999996
385,1,-37.47125099999994,-72.35016099999996
386,2,-37.47125099999994,-72.35016099999996
387,3,-37.47125099999994,-72.35016099999996
388,0,-37.467934999999954,-72.35064399999999
389,1,-37.467934999999954,-72.35064399999999
390,2,-37.467934999999954,-72.35064399999999
391,3,-37.467934999999954,-72.35064399999999
392,0,-37.46861199999995,-72.35070699999994
393,1,-37.46861199999995,-72.35070699999994
394,2,-37.46861199999995,-72.35070699999994
395,3,-37.46861199999995,-72.35070699999994
396,0,-37.21772199999998,-72.35113799999993
397,1,-37.21772199999998,-72.35113799999993
398,2,-37.21772199999998,-72.35113799999993
399,3,-37.21772199999998,-72.35113799999993
400,0,-37.28411099999994,-72.35211099999998
401,1,-37.28411099999994,-72.35211099999998
402,2,-37.28411099999994,-72.35211099999998
403,3,-37.28411099999994,-72.35211099999998
404,0,-37.47188799999998,-72.35222799999997
405,1,-37.47188799999998,-72.35222799999997
406,2,-37.47188799999998,-72.35222799999997
407,3,-37.47188799999998,-72.35222799999997
408,0,-37.46791899999994,-72.35292499999997
409,1,-37.46791899999994,-72.35292499999997
410,2,-37.46791899999994,-72.35292499999997
411,3,-37.46791899999994,-72.35292499999997
412,0,-37.465799999999945,-72.35309999999998
413,1,-37.465799999999945,-72.35309999999998
414,2,-37.465799999999945,-72.35309999999998
415,3,-37.465799999999945,-72.35309999999998
416,0,-37.45921199999998,-72.35328999999996
417,1,-37.45921199999998,-72.35328999999996
418,2,-37.45921199999998,-72.35328999999996
419,3,-37.45921199999998,-72.35328999999996
420,0,-37.46895699999993,-72.35334399999994
421,1,-37.46895699999993,-72.35334399999994
422,2,-37.46895699999993,-72.35334399999994
423,3,-37.46895699999993,-72.35334399999994
424,0,-37.48461499999996,-72.35347699999994
425,1,-37.48461499999996,-72.35347699999994
426,2,-37.48461499999996,-72.35347699999994
427,3,-37.48461499999996,-72.35347699999994
428,0,-37.47694699999994,-72.35427599999997
429,1,-37.47694699999994,-72.35427599999997
430,2,-37.47694699999994,-72.35427599999997
431,3,-37.47694699999994,-72.35427599999997
432,0,-36.97423599999996,-72.35742199999999
433,1,-36.97423599999996,-72.35742199999999
434,2,-36.97423599999996,-72.35742199999999
435,3,-36.97423599999996,-72.35742199999999
436,0,-37.45997199999994,-72.36049999999994
437,1,-37.45997199999994,-72.36049999999994
438,2,-37.45997199999994,-72.36049999999994
439,3,-37.45997199999994,-72.36049999999994
440,0,-37.47312599999998,-72.36127399999998
441,1,-37.47312599999998,-72.36127399999998
442,2,-37.47312599999998,-72.36127399999998
443,3,-37.47312599999998,-72.36127399999998
444,0,-37.51414399999993,-72.36199099999999
445,1,-37.51414399999993,-72.36199099999999
446,2,-37.51414399999993,-72.36199099999999
447,3,-37.51414399999993,-72.36199099999999
448,0,-37.46747199999993,-72.36374999999998
449,1,-37.46747199999993,-72.36374999999998
450,2,-37.46747199999993,-72.36374999999998
451,3,-37.46747199999993,-72.36374999999998
452,0,-37.47936099999998,-72.36480599999999
453,1,-37.47936099999998,-72.36480599999999
454,2,-37.47936099999998,-72.36480599999999
455,3,-37.47936099999998,-72.36480599999999
456,0,-37.47311099999996,-72.36891099999997
457,1,-37.47311099999996,-72.36891099999997
458,2,-37.47311099999996,-72.36891099999997
459,3,-37.47311099999996,-72.36891099999997
460,0,-37.23324999999994,-72.37022999999994
461,1,-37.23324999999994,-72.37022999999994
462,2,-37.23324999999994,-72.37022999999994
463,3,-37.23324999999994,-72.37022999999994
464,0,-37.46471699999995,-72.37119199999995
465,1,-37.46471699999995,-72.37119199999995
466,2,-37.46471699999995,-72.37119199999995
467,3,-37.46471699999995,-72.37119199999995
468,0,-37.442305999999974,-72.37133299999994
469,1,-37.442305999999974,-72.37133299999994
470,2,-37.442305999999974,-72.37133299999994
471,3,-37.442305999999974,-72.37133299999994
472,0,-37.45989999999995,-72.37559999999996
473,1,-37.45989999999995,-72.37559999999996
474,2,-37.45989999999995,-72.37559999999996
475,3,-37.45989999999995,-72.37559999999996
476,0,-37.46934099999993,-72.37609699999996
477,1,-37.46934099999993,-72.37609699999996
478,2,-37.46934099999993,-72.37609699999996
479,3,-37.46934099999993,-72.37609699999996
480,0,-37.04156399999994,-72.37773599999997
481,1,-37.04156399999994,-72.37773599999997
482,2,-37.04156399999994,-72.37773599999997
483,3,-37.04156399999994,-72.37773599999997
484,0,-37.48407899999995,-72.38123299999995
485,1,-37.48407899999995,-72.38123299999995
486,2,-37.48407899999995,-72.38123299999995
487,3,-37.48407899999995,-72.38123299999995
488,0,-37.07826199999994,-72.38132899999994
489,1,-37.07826199999994,-72.38132899999994
490,2,-37.07826199999994,-72.38132899999994
491,3,-37.07826199999994,-72.38132899999994
492,0,-37.46647199999995,-72.38291699999996
493,1,-37.46647199999995,-72.38291699999996
494,2,-37.46647199999995,-72.38291699999996
495,3,-37.46647199999995,-72.38291699999996
496,0,-37.119099999999946,-72.38439999999997
497,1,-37.119099999999946,-72.38439999999997
498,2,-37.119099999999946,-72.38439999999997
499,3,-37.119099999999946,-72.38439999999997
500,0,-37.83799399999998,-72.38557499999996
501,1,-37.83799399999998,-72.38557499999996
502,2,-37.83799399999998,-72.38557499999996
503,3,-37.83799399999998,-72.38557499999996
504,0,-37.35417499999994,-72.38783899999999
505,1,-37.35417499999994,-72.38783899999999
506,2,-37.35417499999994,-72.38783899999999
507,3,-37.35417499999994,-72.38783899999999
508,0,-37.21565799999996,-72.38813299999998
509,1,-37.21565799999996,-72.38813299999998
510,2,-37.21565799999996,-72.38813299999998
511,3,-37.21565799999996,-72.38813299999998
512,0,-37.44902099999996,-72.38985499999995
513,1,-37.44902099999996,-72.38985499999995
514,2,-37.44902099999996,-72.38985499999995
515,3,-37.44902099999996,-72.38985499999995
516,0,-37.18944499999998,-72.39254999999997
517,1,-37.18944499999998,-72.39254999999997
518,2,-37.18944499999998,-72.39254999999997
519,3,-37.18944499999998,-72.39254999999997
520,0,-37.03502999999995,-72.39437999999996
521,1,-37.03502999999995,-72.39437999999996
522,2,-37.03502999999995,-72.39437999999996
523,3,-37.03502999999995,-72.39437999999996
524,0,-37.66094399999997,-72.39544399999994
525,1,-37.66094399999997,-72.39544399999994
526,2,-37.66094399999997,-72.39544399999994
527,3,-37.66094399999997,-72.39544399999994
528,0,-37.01916699999998,-72.39749999999998
529,1,-37.01916699999998,-72.39749999999998
530,2,-37.01916699999998,-72.39749999999998
531,3,-37.01916699999998,-72.39749999999998
532,0,-37.04252799999995,-72.40347199999997
533,1,-37.04252799999995,-72.40347199999997
534,2,-37.04252799999995,-72.40347199999997
535,3,-37.04252799999995,-72.40347199999997
536,0,-37.029721999999936,-72.40355599999998
537,1,-37.029721999999936,-72.40355599999998
538,2,-37.029721999999936,-72.40355599999998
539,3,-37.029721999999936,-72.40355599999998
540,0,-37.49809399999998,-72.40431399999994
541,1,-37.49809399999998,-72.40431399999994
542,2,-37.49809399999998,-72.40431399999994
543,3,-37.49809399999998,-72.40431399999994
544,0,-37.44274999999993,-72.40617799999995
545,1,-37.44274999999993,-72.40617799999995
546,2,-37.44274999999993,-72.40617799999995
547,3,-37.44274999999993,-72.40617799999995
548,0,-37.401265999999964,-72.41453599999994
549,1,-37.401265999999964,-72.41453599999994
550,2,-37.401265999999964,-72.41453599999994
551,3,-37.401265999999964,-72.41453599999994
552,0,-37.27352799999994,-72.42383299999995
553,1,-37.27352799999994,-72.42383299999995
554,2,-37.27352799999994,-72.42383299999995
555,3,-37.27352799999994,-72.42383299999995
556,0,-37.198332999999934,-72.44022199999995
557,1,-37.198332999999934,-72.44022199999995
558,2,-37.198332999999934,-72.44022199999995
559,3,-37.198332999999934,-72.44022199999995
560,0,-37.088149999999985,-72.44033199999996
561,1,-37.088149999999985,-72.44033199999996
562,2,-37.088149999999985,-72.44033199999996
563,3,-37.088149999999985,-72.44033199999996
564,0,-37.57674999999995,-72.44172199999997
565,1,-37.57674999999995,-72.44172199999997
566,2,-37.57674999999995,-72.44172199999997
567,3,-37.57674999999995,-72.44172199999997
568,0,-37.04658247499998,-72.44943878699996
569,1,-37.04658247499998,-72.44943878699996
570,2,-37.04658247499998,-72.44943878699996
571,3,-37.04658247499998,-72.44943878699996
572,0,-37.07286099999993,-72.45208299999996
573,1,-37.07286099999993,-72.45208299999996
574,2,-37.07286099999993,-72.45208299999996
575,3,-37.07286099999993,-72.45208299999996
576,0,-36.95968599999998,-72.46364499999999
577,1,-36.95968599999998,-72.46364499999999
578,2,-36.95968599999998,-72.46364499999999
579,3,-36.95968599999998,-72.46364499999999
580,0,-37.352277999999956,-72.47208399999994
581,1,-37.352277999999956,-72.47208399999994
582,2,-37.352277999999956,-72.47208399999994
583,3,-37.352277999999956,-72.47208399999994
584,0,-37.298055999999974,-72.47602799999999
585,1,-37.298055999999974,-72.47602799999999
586,2,-37.298055999999974,-72.47602799999999
587,3,-37.298055999999974,-72.47602799999999
588,0,-37.020671999999934,-72.47640799999994
589,1,-37.020671999999934,-72.47640799999994
590,2,-37.020671999999934,-72.47640799999994
591,3,-37.020671999999934,-72.47640799999994
592,0,-37.462027999999975,-72.49752999999998
593,1,-37.462027999999975,-72.49752999999998
594,2,-37.462027999999975,-72.49752999999998
595,3,-37.462027999999975,-72.49752999999998
596,0,-37.186860999999965,-72.51516699999996
597,1,-37.186860999999965,-72.51516699999996
598,2,-37.186860999999965,-72.51516699999996
599,3,-37.186860999999965,-72.51516699999996
600,0,-37.15866399999993,-72.52779399999997
601,1,-37.15866399999993,-72.52779399999997
602,2,-37.15866399999993,-72.52779399999997
603,3,-37.15866399999993,-72.52779399999997
604,0,-37.538666999999975,-72.52924999999993
605,1,-37.538666999999975,-72.52924999999993
606,2,-37.538666999999975,-72.52924999999993
607,3,-37.538666999999975,-72.52924999999993
608,0,-37.340443999999934,-72.53024999999997
609,1,-37.340443999999934,-72.53024999999997
610,2,-37.340443999999934,-72.53024999999997
611,3,-37.340443999999934,-72.53024999999997
612,0,-36.954166999999984,-72.53066699999994
613,1,-36.954166999999984,-72.53066699999994
614,2,-36.954166999999984,-72.53066699999994
615,3,-36.954166999999984,-72.53066699999994
616,0,-37.48792999999995,-72.53312199999993
617,1,-37.48792999999995,-72.53312199999993
618,2,-37.48792999999995,-72.53312199999993
619,3,-37.48792999999995,-72.53312199999993
620,0,-37.24574999999993,-72.53502799999995
621,1,-37.24574999999993,-72.53502799999995
622,2,-37.24574999999993,-72.53502799999995
623,3,-37.24574999999993,-72.53502799999995
624,0,-37.58734999999996,-72.53889399999997
625,1,-37.58734999999996,-72.53889399999997
626,2,-37.58734999999996,-72.53889399999997
627,3,-37.58734999999996,-72.53889399999997
628,0,-37.028749999999945,-72.54713899999996
629,1,-37.028749999999945,-72.54713899999996
630,2,-37.028749999999945,-72.54713899999996
631,3,-37.028749999999945,-72.54713899999996
632,0,-37.62230499999998,-72.55194799999998
633,1,-37.62230499999998,-72.55194799999998
634,2,-37.62230499999998,-72.55194799999998
635,3,-37.62230499999998,-72.55194799999998
636,0,-37.10334699999993,-72.55432199999996
637,1,-37.10334699999993,-72.55432199999996
638,2,-37.10334699999993,-72.55432199999996
639,3,-37.10334699999993,-72.55432199999996
640,0,-37.09432999999996,-72.55840999999998
641,1,-37.09432999999996,-72.55840999999998
642,2,-37.09432999999996,-72.55840999999998
643,3,-37.09432999999996,-72.55840999999998
644,0,-37.099999999999966,-72.56080499999996
645,1,-37.099999999999966,-72.56080499999996
646,2,-37.099999999999966,-72.56080499999996
647,3,-37.099999999999966,-72.56080499999996
648,0,-37.06452799999994,-72.56336099999999
649,1,-37.06452799999994,-72.56336099999999
650,2,-37.06452799999994,-72.56336099999999
651,3,-37.06452799999994,-72.56336099999999
652,0,-37.08924899999994,-72.56526299999996
653,1,-37.08924899999994,-72.56526299999996
654,2,-37.08924899999994,-72.56526299999996
655,3,-37.08924899999994,-72.56526299999996
656,0,-36.996763999999985,-72.56731899999994
657,1,-36.996763999999985,-72.56731899999994
658,2,-36.996763999999985,-72.56731899999994
659,3,-36.996763999999985,-72.56731899999994
660,0,-37.09846699999997,-72.56854399999997
661,1,-37.09846699999997,-72.56854399999997
662,2,-37.09846699999997,-72.56854399999997
663,3,-37.09846699999997,-72.56854399999997
664,0,-37.23549699999995,-72.57195299999995
665,1,-37.23549699999995,-72.57195299999995
666,2,-37.23549699999995,-72.57195299999995
667,3,-37.23549699999995,-72.57195299999995
668,0,-37.649054999999976,-72.57892299999997
669,1,-37.649054999999976,-72.57892299999997
670,2,-37.649054999999976,-72.57892299999997
671,3,-37.649054999999976,-72.57892299999997
672,0,-37.28852699999993,-72.58408299999996
673,1,-37.28852699999993,-72.58408299999996
674,2,-37.28852699999993,-72.58408299999996
675,3,-37.28852699999993,-72.58408299999996
676,0,-37.46444399999996,-72.58655599999997
677,1,-37.46444399999996,-72.58655599999997
678,2,-37.46444399999996,-72.58655599999997
679,3,-37.46444399999996,-72.58655599999997
680,0,-37.55593299999998,-72.59801699999997
681,1,-37.55593299999998,-72.59801699999997
682,2,-37.55593299999998,-72.59801699999997
683,3,-37.55593299999998,-72.59801699999997
684,0,-37.174499999999966,-72.61494399999998
685,1,-37.174499999999966,-72.61494399999998
686,2,-37.174499999999966,-72.61494399999998
687,3,-37.174499999999966,-72.61494399999998
688,0,-37.625208999999984,-72.61560699999995
689,1,-37.625208999999984,-72.61560699999995
690,2,-37.625208999999984,-72.61560699999995
691,3,-37.625208999999984,-72.61560699999995
692,0,-36.97798899999998,-72.62083099999995
693,1,-36.97798899999998,-72.62083099999995
694,2,-36.97798899999998,-72.62083099999995
695,3,-36.97798899999998,-72.62083099999995
696,0,-37.39466399999998,-72.62203999999997
697,1,-37.39466399999998,-72.62203999999997
698,2,-37.39466399999998,-72.62203999999997
699,3,-37.39466399999998,-72.62203999999997
700,0,-37.19791699999996,-72.62400299999996
701,1,-37.19791699999996,-72.62400299999996
702,2,-37.19791699999996,-72.62400299999996
703,3,-37.19791699999996,-72.62400299999996
704,0,-37.56221499999998,-72.63361099999997
705,1,-37.56221499999998,-72.63361099999997
706,2,-37.56221499999998,-72.63361099999997
707,3,-37.56221499999998,-72.63361099999997
708,0,-36.822577999999965,-72.64893399999994
709,1,-36.822577999999965,-72.64893399999994
710,2,-36.822577999999965,-72.64893399999994
711,3,-36.822577999999965,-72.64893399999994
712,0,-37.279222999999945,-72.65021899999994
713,1,-37.279222999999945,-72.65021899999994
714,2,-37.279222999999945,-72.65021899999994
715,3,-37.279222999999945,-72.65021899999994
716,0,-37.157227999999975,-72.65050299999996
717,1,-37.157227999999975,-72.65050299999996
718,2,-37.157227999999975,-72.65050299999996
719,3,-37.157227999999975,-72.65050299999996
720,0,-37.50927799999994,-72.65074999999996
721,1,-37.50927799999994,-72.65074999999996
722,2,-37.50927799999994,-72.65074999999996
723,3,-37.50927799999994,-72.65074999999996
724,0,-37.51467999999994,-72.65416499999998
725,1,-37.51467999999994,-72.65416499999998
726,2,-37.51467999999994,-72.65416499999998
727,3,-37.51467999999994,-72.65416499999998
728,0,-36.819857999999954,-72.65585799999997
729,1,-36.819857999999954,-72.65585799999997
730,2,-36.819857999999954,-72.65585799999997
731,3,-36.819857999999954,-72.65585799999997
732,0,-36.70642299999997,-72.65878599999996
733,1,-36.70642299999997,-72.65878599999996
734,2,-36.70642299999997,-72.65878599999996
735,3,-36.70642299999997,-72.65878599999996
736,0,-37.61727199999996,-72.66075599999994
737,1,-37.61727199999996,-72.66075599999994
738,2,-37.61727199999996,-72.66075599999994
739,3,-37.61727199999996,-72.66075599999994
740,0,-36.835605999999984,-72.66352799999999
741,1,-36.835605999999984,-72.66352799999999
742,2,-36.835605999999984,-72.66352799999999
743,3,-36.835605999999984,-72.66352799999999
744,0,-37.27702799999997,-72.66647199999994
745,1,-37.27702799999997,-72.66647199999994
746,2,-37.27702799999997,-72.66647199999994
747,3,-37.27702799999997,-72.66647199999994
748,0,-37.255637999999976,-72.66991599999994
749,1,-37.255637999999976,-72.66991599999994
750,2,-37.255637999999976,-72.66991599999994
751,3,-37.255637999999976,-72.66991599999994
752,0,-37.49961099999996,-72.67606699999999
753,1,-37.49961099999996,-72.67606699999999
754,2,-37.49961099999996,-72.67606699999999
755,3,-37.49961099999996,-72.67606699999999
756,0,-37.50794399999995,-72.67824999999993
757,1,-37.50794399999995,-72.67824999999993
758,2,-37.50794399999995,-72.67824999999993
759,3,-37.50794399999995,-72.67824999999993
760,0,-37.50701399999997,-72.67845499999999
761,1,-37.50701399999997,-72.67845499999999
762,2,-37.50701399999997,-72.67845499999999
763,3,-37.50701399999997,-72.67845499999999
764,0,-37.33271599999995,-72.68057299999998
765,1,-37.33271599999995,-72.68057299999998
766,2,-37.33271599999995,-72.68057299999998
767,3,-37.33271599999995,-72.68057299999998
768,0,-36.90849999999995,-72.68241699999999
769,1,-36.90849999999995,-72.68241699999999
770,2,-36.90849999999995,-72.68241699999999
771,3,-36.90849999999995,-72.68241699999999
772,0,-37.50657999999993,-72.68724999999995
773,1,-37.50657999999993,-72.68724999999995
774,2,-37.50657999999993,-72.68724999999995
775,3,-37.50657999999993,-72.68724999999995
776,0,-37.499825999999985,-72.68785599999995
777,1,-37.499825999999985,-72.68785599999995
778,2,-37.499825999999985,-72.68785599999995
779,3,-37.499825999999985,-72.68785599999995
780,0,-36.66394399999996,-72.68827799999997
781,1,-36.66394399999996,-72.68827799999997
782,2,-36.66394399999996,-72.68827799999997
783,3,-36.66394399999996,-72.68827799999997
784,0,-37.49287599999997,-72.69037999999995
785,1,-37.49287599999997,-72.69037999999995
786,2,-37.49287599999997,-72.69037999999995
787,3,-37.49287599999997,-72.69037999999995
788,0,-37.281863999999985,-72.69986099999994
789,1,-37.281863999999985,-72.69986099999994
790,2,-37.281863999999985,-72.69986099999994
791,3,-37.281863999999985,-72.69986099999994
792,0,-37.31444399999998,-72.70161099999996
793,1,-37.31444399999998,-72.70161099999996
794,2,-37.31444399999998,-72.70161099999996
795,3,-37.31444399999998,-72.70161099999996
796,0,-37.29095599999994,-72.70499199999995
797,1,-37.29095599999994,-72.70499199999995
798,2,-37.29095599999994,-72.70499199999995
799,3,-37.29095599999994,-72.70499199999995
800,0,-37.26396399999993,-72.70559999999995
801,1,-37.26396399999993,-72.70559999999995
802,2,-37.26396399999993,-72.70559999999995
803,3,-37.26396399999993,-72.70559999999995
804,0,-36.70041399999997,-72.70830799999999
805,1,-36.70041399999997,-72.70830799999999
806,2,-36.70041399999997,-72.70830799999999
807,3,-36.70041399999997,-72.70830799999999
808,0,-37.26215399999995,-72.70882799999998
809,1,-37.26215399999995,-72.70882799999998
810,2,-37.26215399999995,-72.70882799999998
811,3,-37.26215399999995,-72.70882799999998
812,0,-37.27113799999995,-72.71092099999998
813,1,-37.27113799999995,-72.71092099999998
814,2,-37.27113799999995,-72.71092099999998
815,3,-37.27113799999995,-72.71092099999998
816,0,-37.280352999999934,-72.71251899999999
817,1,-37.280352999999934,-72.71251899999999
818,2,-37.280352999999934,-72.71251899999999
819,3,-37.280352999999934,-72.71251899999999
820,0,-36.94104699999997,-72.71352999999993
821,1,-36.94104699999997,-72.71352999999993
822,2,-36.94104699999997,-72.71352999999993
823,3,-36.94104699999997,-72.71352999999993
824,0,-37.25597199999993,-72.72505599999994
825,1,-37.25597199999993,-72.72505599999994
826,2,-37.25597199999993,-72.72505599999994
827,3,-37.25597199999993,-72.72505599999994
828,0,-37.437810999999954,-72.72559199999995
829,1,-37.437810999999954,-72.72559199999995
830,2,-37.437810999999954,-72.72559199999995
831,3,-37.437810999999954,-72.72559199999995
832,0,-36.85443799999996,-72.73191299999996
833,1,-36.85443799999996,-72.73191299999996
834,2,-36.85443799999996,-72.73191299999996
835,3,-36.85443799999996,-72.73191299999996
836,0,-36.72100299999994,-72.73363899999998
837,1,-36.72100299999994,-72.73363899999998
838,2,-36.72100299999994,-72.73363899999998
839,3,-36.72100299999994,-72.73363899999998
840,0,-37.009582999999964,-72.73688899999996
841,1,-37.009582999999964,-72.73688899999996
842,2,-37.009582999999964,-72.73688899999996
843,3,-37.009582999999964,-72.73688899999996
844,0,-36.97055599999993,-72.75333299999994
845,1,-36.97055599999993,-72.75333299999994
846,2,-36.97055599999993,-72.75333299999994
847,3,-36.97055599999993,-72.75333299999994
848,0,-37.45244399999996,-72.76363899999996
849,1,-37.45244399999996,-72.76363899999996
850,2,-37.45244399999996,-72.76363899999996
851,3,-37.45244399999996,-72.76363899999996
852,0,-37.23543999999998,-72.77029999999996
853,1,-37.23543999999998,-72.77029999999996
854,2,-37.23543999999998,-72.77029999999996
855,3,-37.23543999999998,-72.77029999999996
856,0,-36.67502799999994,-72.77405599999997
857,1,-36.67502799999994,-72.77405599999997
858,2,-36.67502799999994,-72.77405599999997
859,3,-36.67502799999994,-72.77405599999997
860,0,-37.28129999999993,-72.77549999999997
861,1,-37.28129999999993,-72.77549999999997
862,2,-37.28129999999993,-72.77549999999997
863,3,-37.28129999999993,-72.77549999999997
864,0,-36.99841699999996,-72.77711099999993
865,1,-36.99841699999996,-72.77711099999993
866,2,-36.99841699999996,-72.77711099999993
867,3,-36.99841699999996,-72.77711099999993
868,0,-36.623527999999965,-72.77761099999998
869,1,-36.623527999999965,-72.77761099999998
870,2,-36.623527999999965,-72.77761099999998
871,3,-36.623527999999965,-72.77761099999998
872,0,-36.89777499999997,-72.80704199999997
873,1,-36.89777499999997,-72.80704199999997
874,2,-36.89777499999997,-72.80704199999997
875,3,-36.89777499999997,-72.80704199999997
876,0,-37.53331899999995,-72.82157999999998
877,1,-37.53331899999995,-72.82157999999998
878,2,-37.53331899999995,-72.82157999999998
879,3,-37.53331899999995,-72.82157999999998
880,0,-36.64358299999998,-72.82247199999995
881,1,-36.64358299999998,-72.82247199999995
882,2,-36.64358299999998,-72.82247199999995
883,3,-36.64358299999998,-72.82247199999995
884,0,-37.42006399999997,-72.83442399999996
885,1,-37.42006399999997,-72.83442399999996
886,2,-37.42006399999997,-72.83442399999996
887,3,-37.42006399999997,-72.83442399999996
888,0,-36.73366699999997,-72.83773299999996
889,1,-36.73366699999997,-72.83773299999996
890,2,-36.73366699999997,-72.83773299999996
891,3,-36.73366699999997,-72.83773299999996
892,0,-37.297635999999954,-72.84789199999994
893,1,-37.297635999999954,-72.84789199999994
894,2,-37.297635999999954,-72.84789199999994
895,3,-37.297635999999954,-72.84789199999994
896,0,-36.63480599999997,-72.85130299999997
897,1,-36.63480599999997,-72.85130299999997
898,2,-36.63480599999997,-72.85130299999997
899,3,-36.63480599999997,-72.85130299999997
900,0,-36.820888999999966,-72.85908299999994
901,1,-36.820888999999966,-72.85908299999994
902,2,-36.820888999999966,-72.85908299999994
903,3,-36.820888999999966,-72.85908299999994
904,0,-36.55890599999998,-72.86934999999994
905,1,-36.55890599999998,-72.86934999999994
906,2,-36.55890599999998,-72.86934999999994
907,3,-36.55890599999998,-72.86934999999994
908,0,-36.69133299999993,-72.87247199999996
909,1,-36.69133299999993,-72.87247199999996
910,2,-36.69133299999993,-72.87247199999996
911,3,-36.69133299999993,-72.87247199999996
912,0,-36.82468899999998,-72.87271099999998
913,1,-36.82468899999998,-72.87271099999998
914,2,-36.82468899999998,-72.87271099999998
915,3,-36.82468899999998,-72.87271099999998
916,0,-37.28863899999993,-72.87755599999997
917,1,-37.28863899999993,-72.87755599999997
918,2,-37.28863899999993,-72.87755599999997
919,3,-37.28863899999993,-72.87755599999997
920,0,-36.86876599999994,-72.88009099999994
921,1,-36.86876599999994,-72.88009099999994
922,2,-36.86876599999994,-72.88009099999994
923,3,-36.86876599999994,-72.88009099999994
924,0,-37.064310999999975,-72.88105799999994
925,1,-37.064310999999975,-72.88105799999994
926,2,-37.064310999999975,-72.88105799999994
927,3,-37.064310999999975,-72.88105799999994
928,0,-36.45386099999996,-72.88308299999994
929,1,-36.45386099999996,-72.88308299999994
930,2,-36.45386099999996,-72.88308299999994
931,3,-36.45386099999996,-72.88308299999994
932,0,-37.04014399999994,-72.88542199999995
933,1,-37.04014399999994,-72.88542199999995
934,2,-37.04014399999994,-72.88542199999995
935,3,-37.04014399999994,-72.88542199999995
936,0,-36.46161299999994,-72.88835299999994
937,1,-36.46161299999994,-72.88835299999994
938,2,-36.46161299999994,-72.88835299999994
939,3,-36.46161299999994,-72.88835299999994
940,0,-37.44408299999998,-72.89861099999996
941,1,-37.44408299999998,-72.89861099999996
942,2,-37.44408299999998,-72.89861099999996
943,3,-37.44408299999998,-72.89861099999996
944,0,-36.661138999999935,-72.90058299999998
945,1,-36.661138999999935,-72.90058299999998
946,2,-36.661138999999935,-72.90058299999998
947,3,-36.661138999999935,-72.90058299999998
948,0,-36.581046999999955,-72.90650599999998
949,1,-36.581046999999955,-72.90650599999998
950,2,-36.581046999999955,-72.90650599999998
951,3,-36.581046999999955,-72.90650599999998
952,0,-36.74332799999996,-72.90790899999996
953,1,-36.74332799999996,-72.90790899999996
954,2,-36.74332799999996,-72.90790899999996
955,3,-36.74332799999996,-72.90790899999996
956,0,-36.980099999999936,-72.90830699999998
957,1,-36.980099999999936,-72.90830699999998
958,2,-36.980099999999936,-72.90830699999998
959,3,-36.980099999999936,-72.90830699999998
960,0,-36.82947199999995,-72.92136099999993
961,1,-36.82947199999995,-72.92136099999993
962,2,-36.82947199999995,-72.92136099999993
963,3,-36.82947199999995,-72.92136099999993
964,0,-36.651193999999975,-72.92297199999996
965,1,-36.651193999999975,-72.92297199999996
966,2,-36.651193999999975,-72.92297199999996
967,3,-36.651193999999975,-72.92297199999996
968,0,-36.97416659999993,-72.92361110999997
969,1,-36.97416659999993,-72.92361110999997
970,2,-36.97416659999993,-72.92361110999997
971,3,-36.97416659999993,-72.92361110999997
972,0,-36.76252999999997,-72.92855999999995
973,1,-36.76252999999997,-72.92855999999995
974,2,-36.76252999999997,-72.92855999999995
975,3,-36.76252999999997,-72.92855999999995
976,0,-36.52397799999994,-72.92942199999999
977,1,-36.52397799999994,-72.92942199999999
978,2,-36.52397799999994,-72.92942199999999
979,3,-36.52397799999994,-72.92942199999999
980,0,-36.96628799999996,-72.92969399999998
981,1,-36.96628799999996,-72.92969399999998
982,2,-36.96628799999996,-72.92969399999998
983,3,-36.96628799999996,-72.92969399999998
984,0,-36.54628999999994,-72.93000999999998
985,1,-36.54628999999994,-72.93000999999998
986,2,-36.54628999999994,-72.93000999999998
987,3,-36.54628999999994,-72.93000999999998
988,0,-36.532231999999965,-72.93016999999998
989,1,-36.532231999999965,-72.93016999999998
990,2,-36.532231999999965,-72.93016999999998
991,3,-36.532231999999965,-72.93016999999998
992,0,-37.40671999999995,-72.93121999999994
993,1,-37.40671999999995,-72.93121999999994
994,2,-37.40671999999995,-72.93121999999994
995,3,-37.40671999999995,-72.93121999999994
996,0,-36.83505599999995,-72.93152799999996
997,1,-36.83505599999995,-72.93152799999996
998,2,-36.83505599999995,-72.93152799999996
999,3,-36.83505599999995,-72.93152799999996
1000,0,-37.38424999999995,-72.93286099999995
1001,1,-37.38424999999995,-72.93286099999995
1002,2,-37.38424999999995,-72.93286099999995
1003,3,-37.38424999999995,-72.93286099999995
1004,0,-36.963967999999966,-72.93309299999999
1005,1,-36.963967999999966,-72.93309299999999
1006,2,-36.963967999999966,-72.93309299999999
1007,3,-36.963967999999966,-72.93309299999999
1008,0,-36.98321899999996,-72.93581099999994
1009,1,-36.98321899999996,-72.93581099999994
1010,2,-36.98321899999996,-72.93581099999994
1011,3,-36.98321899999996,-72.93581099999994
1012,0,-37.12309699999997,-72.93601599999994
1013,1,-37.12309699999997,-72.93601599999994
1014,2,-37.12309699999997,-72.93601599999994
1015,3,-37.12309699999997,-72.93601599999994
1016,0,-36.741510999999946,-72.93636899999996
1017,1,-36.741510999999946,-72.93636899999996
1018,2,-36.741510999999946,-72.93636899999996
1019,3,-36.741510999999946,-72.93636899999996
1020,0,-36.97664999999995,-72.93782999999996
1021,1,-36.97664999999995,-72.93782999999996
1022,2,-36.97664999999995,-72.93782999999996
1023,3,-36.97664999999995,-72.93782999999996
1024,0,-36.61508799999996,-72.93827999999996
1025,1,-36.61508799999996,-72.93827999999996
1026,2,-36.61508799999996,-72.93827999999996
1027,3,-36.61508799999996,-72.93827999999996
1028,0,-36.55240599999996,-72.93919099999994
1029,1,-36.55240599999996,-72.93919099999994
1030,2,-36.55240599999996,-72.93919099999994
1031,3,-36.55240599999996,-72.93919099999994
1032,0,-36.96833299999997,-72.93944399999998
1033,1,-36.96833299999997,-72.93944399999998
1034,2,-36.96833299999997,-72.93944399999998
1035,3,-36.96833299999997,-72.93944399999998
1036,0,-37.25316699999996,-72.93969399999997
1037,1,-37.25316699999996,-72.93969399999997
1038,2,-37.25316699999996,-72.93969399999997
1039,3,-37.25316699999996,-72.93969399999997
1040,0,-36.62328899999994,-72.94019699999996
1041,1,-36.62328899999994,-72.94019699999996
1042,2,-36.62328899999994,-72.94019699999996
1043,3,-36.62328899999994,-72.94019699999996
1044,0,-36.54837199999997,-72.94127499999996
1045,1,-36.54837199999997,-72.94127499999996
1046,2,-36.54837199999997,-72.94127499999996
1047,3,-36.54837199999997,-72.94127499999996
1048,0,-36.607493999999974,-72.94271099999997
1049,1,-36.607493999999974,-72.94271099999997
1050,2,-36.607493999999974,-72.94271099999997
1051,3,-36.607493999999974,-72.94271099999997
1052,0,-37.17881399999993,-72.94566699999996
1053,1,-37.17881399999993,-72.94566699999996
1054,2,-37.17881399999993,-72.94566699999996
1055,3,-37.17881399999993,-72.94566699999996
1056,0,-37.167940999999985,-72.94585599999994
1057,1,-37.167940999999985,-72.94585599999994
1058,2,-37.167940999999985,-72.94585599999994
1059,3,-37.167940999999985,-72.94585599999994
1060,0,-37.16826699999996,-72.94686099999996
1061,1,-37.16826699999996,-72.94686099999996
1062,2,-37.16826699999996,-72.94686099999996
1063,3,-37.16826699999996,-72.94686099999996
1064,0,-36.63894699999997,-72.95022099999994
1065,1,-36.63894699999997,-72.95022099999994
1066,2,-36.63894699999997,-72.95022099999994
1067,3,-36.63894699999997,-72.95022099999994
1068,0,-36.614829999999984,-72.95037699999995
1069,1,-36.614829999999984,-72.95037699999995
1070,2,-36.614829999999984,-72.95037699999995
1071,3,-36.614829999999984,-72.95037699999995
1072,0,-37.169693999999936,-72.95066699999995
1073,1,-37.169693999999936,-72.95066699999995
1074,2,-37.169693999999936,-72.95066699999995
1075,3,-37.169693999999936,-72.95066699999995
1076,0,-37.17345999999998,-72.95091999999994
1077,1,-37.17345999999998,-72.95091999999994
1078,2,-37.17345999999998,-72.95091999999994
1079,3,-37.17345999999998,-72.95091999999994
1080,0,-36.631249999999966,-72.95241699999997
1081,1,-36.631249999999966,-72.95241699999997
1082,2,-36.631249999999966,-72.95241699999997
1083,3,-36.631249999999966,-72.95241699999997
1084,0,-37.266017999999974,-72.95244299999996
1085,1,-37.266017999999974,-72.95244299999996
1086,2,-37.266017999999974,-72.95244299999996
1087,3,-37.266017999999974,-72.95244299999996
1088,0,-36.59811099999996,-72.95297199999999
1089,1,-36.59811099999996,-72.95297199999999
1090,2,-36.59811099999996,-72.95297199999999
1091,3,-36.59811099999996,-72.95297199999999
1092,0,-37.24398099999996,-72.95359699999995
1093,1,-37.24398099999996,-72.95359699999995
1094,2,-37.24398099999996,-72.95359699999995
1095,3,-37.24398099999996,-72.95359699999995
1096,0,-36.61173099999996,-72.95522999999997
1097,1,-36.61173099999996,-72.95522999999997
1098,2,-36.61173099999996,-72.95522999999997
1099,3,-36.61173099999996,-72.95522999999997
1100,0,-36.62265699999995,-72.95604999999995
1101,1,-36.62265699999995,-72.95604999999995
1102,2,-36.62265699999995,-72.95604999999995
1103,3,-36.62265699999995,-72.95604999999995
1104,0,-36.60611099999994,-72.95611099999996
1105,1,-36.60611099999994,-72.95611099999996
1106,2,-36.60611099999994,-72.95611099999996
1107,3,-36.60611099999994,-72.95611099999996
1108,0,-37.472666999999944,-72.95666699999998
1109,1,-37.472666999999944,-72.95666699999998
1110,2,-37.472666999999944,-72.95666699999998
1111,3,-37.472666999999944,-72.95666699999998
1112,0,-36.61771799999997,-72.95806299999998
1113,1,-36.61771799999997,-72.95806299999998
1114,2,-36.61771799999997,-72.95806299999998
1115,3,-36.61771799999997,-72.95806299999998
1116,0,-36.79714999999993,-72.95806399999998
1117,1,-36.79714999999993,-72.95806399999998
1118,2,-36.79714999999993,-72.95806399999998
1119,3,-36.79714999999993,-72.95806399999998
1120,0,-36.68438899999995,-72.95949999999993
1121,1,-36.68438899999995,-72.95949999999993
1122,2,-36.68438899999995,-72.95949999999993
1123,3,-36.68438899999995,-72.95949999999993
1124,0,-36.52766799999995,-72.96044399999994
1125,1,-36.52766799999995,-72.96044399999994
1126,2,-36.52766799999995,-72.96044399999994
1127,3,-36.52766799999995,-72.96044399999994
1128,0,-36.60572799999994,-72.96176399999996
1129,1,-36.60572799999994,-72.96176399999996
1130,2,-36.60572799999994,-72.96176399999996
1131,3,-36.60572799999994,-72.96176399999996
1132,0,-36.72438699999998,-72.97325699999993
1133,1,-36.72438699999998,-72.97325699999993
1134,2,-36.72438699999998,-72.97325699999993
1135,3,-36.72438699999998,-72.97325699999993
1136,0,-37.449971999999946,-72.97508299999998
1137,1,-37.449971999999946,-72.97508299999998
1138,2,-37.449971999999946,-72.97508299999998
1139,3,-37.449971999999946,-72.97508299999998
1140,0,-36.60142899999994,-72.97510999999997
1141,1,-36.60142899999994,-72.97510999999997
1142,2,-36.60142899999994,-72.97510999999997
1143,3,-36.60142899999994,-72.97510999999997
1144,0,-36.71930299999997,-72.97559599999994
1145,1,-36.71930299999997,-72.97559599999994
1146,2,-36.71930299999997,-72.97559599999994
1147,3,-36.71930299999997,-72.97559599999994
1148,0,-37.394443999999964,-72.97686099999999
1149,1,-37.394443999999964,-72.97686099999999
1150,2,-37.394443999999964,-72.97686099999999
1151,3,-37.394443999999964,-72.97686099999999
1152,0,-36.71374999999995,-72.97690999999998
1153,1,-36.71374999999995,-72.97690999999998
1154,2,-36.71374999999995,-72.97690999999998
1155,3,-36.71374999999995,-72.97690999999998
1156,0,-36.814940999999976,-72.98165199999994
1157,1,-36.814940999999976,-72.98165199999994
1158,2,-36.814940999999976,-72.98165199999994
1159,3,-36.814940999999976,-72.98165199999994
1160,0,-37.02766699999995,-72.98513899999995
1161,1,-37.02766699999995,-72.98513899999995
1162,2,-37.02766699999995,-72.98513899999995
1163,3,-37.02766699999995,-72.98513899999995
1164,0,-37.42816699999997,-72.98788899999994
1165,1,-37.42816699999997,-72.98788899999994
1166,2,-37.42816699999997,-72.98788899999994
1167,3,-37.42816699999997,-72.98788899999994
1168,0,-36.73534699999993,-72.98838299999994
1169,1,-36.73534699999993,-72.98838299999994
1170,2,-36.73534699999993,-72.98838299999994
1171,3,-36.73534699999993,-72.98838299999994
1172,0,-37.008693999999934,-72.98889399999996
1173,1,-37.008693999999934,-72.98889399999996
1174,2,-37.008693999999934,-72.98889399999996
1175,3,-37.008693999999934,-72.98889399999996
1176,0,-36.735495999999955,-72.99008299999997
1177,1,-36.735495999999955,-72.99008299999997
1178,2,-36.735495999999955,-72.99008299999997
1179,3,-36.735495999999955,-72.99008299999997
1180,0,-37.333388999999954,-72.99083299999995
1181,1,-37.333388999999954,-72.99083299999995
1182,2,-37.333388999999954,-72.99083299999995
1183,3,-37.333388999999954,-72.99083299999995
1184,0,-36.82409999999993,-72.99359999999996
1185,1,-36.82409999999993,-72.99359999999996
1186,2,-36.82409999999993,-72.99359999999996
1187,3,-36.82409999999993,-72.99359999999996
1188,0,-36.74941699999994,-72.99547199999995
1189,1,-36.74941699999994,-72.99547199999995
1190,2,-36.74941699999994,-72.99547199999995
1191,3,-36.74941699999994,-72.99547199999995
1192,0,-36.82789399999996,-72.99942299999998
1193,1,-36.82789399999996,-72.99942299999998
1194,2,-36.82789399999996,-72.99942299999998
1195,3,-36.82789399999996,-72.99942299999998
1196,0,-36.73901299999994,-73.00190099999998
1197,1,-36.73901299999994,-73.00190099999998
1198,2,-36.73901299999994,-73.00190099999998
1199,3,-36.73901299999994,-73.00190099999998
1200,0,-36.83549299999993,-73.00390599999997
1201,1,-36.83549299999993,-73.00390599999997
1202,2,-36.83549299999993,-73.00390599999997
1203,3,-36.83549299999993,-73.00390599999997
1204,0,-36.748887999999965,-73.00609999999995
1205,1,-36.748887999999965,-73.00609999999995
1206,2,-36.748887999999965,-73.00609999999995
1207,3,-36.748887999999965,-73.00609999999995
1208,0,-37.01622199999997,-73.00641699999994
1209,1,-37.01622199999997,-73.00641699999994
1210,2,-37.01622199999997,-73.00641699999994
1211,3,-37.01622199999997,-73.00641699999994
1212,0,-36.83939899999996,-73.00676499999997
1213,1,-36.83939899999996,-73.00676499999997
1214,2,-36.83939899999996,-73.00676499999997
1215,3,-36.83939899999996,-73.00676499999997
1216,0,-36.83292199999994,-73.00880499999994
1217,1,-36.83292199999994,-73.00880499999994
1218,2,-36.83292199999994,-73.00880499999994
1219,3,-36.83292199999994,-73.00880499999994
1220,0,-36.91793099999995,-73.00962599999997
1221,1,-36.91793099999995,-73.00962599999997
1222,2,-36.91793099999995,-73.00962599999997
1223,3,-36.91793099999995,-73.00962599999997
1224,0,-36.82078299999995,-73.00972199999995
1225,1,-36.82078299999995,-73.00972199999995
1226,2,-36.82078299999995,-73.00972199999995
1227,3,-36.82078299999995,-73.00972199999995
1228,0,-36.82644399999998,-73.00999999999993
1229,1,-36.82644399999998,-73.00999999999993
1230,2,-36.82644399999998,-73.00999999999993
1231,3,-36.82644399999998,-73.00999999999993
1232,0,-36.95625999999993,-73.01332599999995
1233,1,-36.95625999999993,-73.01332599999995
1234,2,-36.95625999999993,-73.01332599999995
1235,3,-36.95625999999993,-73.01332599999995
1236,0,-36.934871999999984,-73.01677499999994
1237,1,-36.934871999999984,-73.01677499999994
1238,2,-36.934871999999984,-73.01677499999994
1239,3,-36.934871999999984,-73.01677499999994
1240,0,-36.939768999999956,-73.01819099999994
1241,1,-36.939768999999956,-73.01819099999994
1242,2,-36.939768999999956,-73.01819099999994
1243,3,-36.939768999999956,-73.01819099999994
1244,0,-36.82522199999994,-73.01977799999997
1245,1,-36.82522199999994,-73.01977799999997
1246,2,-36.82522199999994,-73.01977799999997
1247,3,-36.82522199999994,-73.01977799999997
1248,0,-36.94938899999994,-73.02030599999995
1249,1,-36.94938899999994,-73.02030599999995
1250,2,-36.94938899999994,-73.02030599999995
1251,3,-36.94938899999994,-73.02030599999995
1252,0,-36.784449999999936,-73.02068099999997
1253,1,-36.784449999999936,-73.02068099999997
1254,2,-36.784449999999936,-73.02068099999997
1255,3,-36.784449999999936,-73.02068099999997
1256,0,-36.81643399999996,-73.02120599999995
1257,1,-36.81643399999996,-73.02120599999995
1258,2,-36.81643399999996,-73.02120599999995
1259,3,-36.81643399999996,-73.02120599999995
1260,0,-37.019083999999964,-73.02172999999993
1261,1,-37.019083999999964,-73.02172999999993
1262,2,-37.019083999999964,-73.02172999999993
1263,3,-37.019083999999964,-73.02172999999993
1264,0,-36.815399999999954,-73.02202399999999
1265,1,-36.815399999999954,-73.02202399999999
1266,2,-36.815399999999954,-73.02202399999999
1267,3,-36.815399999999954,-73.02202399999999
1268,0,-36.93274999999994,-73.02207999999996
1269,1,-36.93274999999994,-73.02207999999996
1270,2,-36.93274999999994,-73.02207999999996
1271,3,-36.93274999999994,-73.02207999999996
1272,0,-36.91599999999994,-73.02639999999997
1273,1,-36.91599999999994,-73.02639999999997
1274,2,-36.91599999999994,-73.02639999999997
1275,3,-36.91599999999994,-73.02639999999997
1276,0,-37.22387199999997,-73.02749299999994
1277,1,-37.22387199999997,-73.02749299999994
1278,2,-37.22387199999997,-73.02749299999994
1279,3,-37.22387199999997,-73.02749299999994
1280,0,-37.31761099999994,-73.02780599999994
1281,1,-37.31761099999994,-73.02780599999994
1282,2,-37.31761099999994,-73.02780599999994
1283,3,-37.31761099999994,-73.02780599999994
1284,0,-36.93827799999997,-73.02807499999994
1285,1,-36.93827799999997,-73.02807499999994
1286,2,-36.93827799999997,-73.02807499999994
1287,3,-36.93827799999997,-73.02807499999994
1288,0,-36.86382499999996,-73.02974099999994
1289,1,-36.86382499999996,-73.02974099999994
1290,2,-36.86382499999996,-73.02974099999994
1291,3,-36.86382499999996,-73.02974099999994
1292,0,-36.81538899999998,-73.02980599999995
1293,1,-36.81538899999998,-73.02980599999995
1294,2,-36.81538899999998,-73.02980599999995
1295,3,-36.81538899999998,-73.02980599999995
1296,0,-36.805027999999936,-73.03024999999997
1297,1,-36.805027999999936,-73.03024999999997
1298,2,-36.805027999999936,-73.03024999999997
1299,3,-36.805027999999936,-73.03024999999997
1300,0,-36.82549199999994,-73.03029599999996
1301,1,-36.82549199999994,-73.03029599999996
1302,2,-36.82549199999994,-73.03029599999996
1303,3,-36.82549199999994,-73.03029599999996
1304,0,-36.798449999999946,-73.03032999999994
1305,1,-36.798449999999946,-73.03032999999994
1306,2,-36.798449999999946,-73.03032999999994
1307,3,-36.798449999999946,-73.03032999999994
1308,0,-36.93056699999994,-73.03045199999997
1309,1,-36.93056699999994,-73.03045199999997
1310,2,-36.93056699999994,-73.03045199999997
1311,3,-36.93056699999994,-73.03045199999997
1312,0,-36.81778699999995,-73.03259499999996
1313,1,-36.81778699999995,-73.03259499999996
1314,2,-36.81778699999995,-73.03259499999996
1315,3,-36.81778699999995,-73.03259499999996
1316,0,-36.90883599999995,-73.03384399999999
1317,1,-36.90883599999995,-73.03384399999999
1318,2,-36.90883599999995,-73.03384399999999
1319,3,-36.90883599999995,-73.03384399999999
1320,0,-36.90298999999993,-73.03390999999993
1321,1,-36.90298999999993,-73.03390999999993
1322,2,-36.90298999999993,-73.03390999999993
1323,3,-36.90298999999993,-73.03390999999993
1324,0,-36.79554899999994,-73.03532699999994
1325,1,-36.79554899999994,-73.03532699999994
1326,2,-36.79554899999994,-73.03532699999994
1327,3,-36.79554899999994,-73.03532699999994
1328,0,-36.80099999999993,-73.03539999999998
1329,1,-36.80099999999993,-73.03539999999998
1330,2,-36.80099999999993,-73.03539999999998
1331,3,-36.80099999999993,-73.03539999999998
1332,0,-36.83310999999998,-73.03555999999998
1333,1,-36.83310999999998,-73.03555999999998
1334,2,-36.83310999999998,-73.03555999999998
1335,3,-36.83310999999998,-73.03555999999998
1336,0,-36.78482999999994,-73.03588999999994
1337,1,-36.78482999999994,-73.03588999999994
1338,2,-36.78482999999994,-73.03588999999994
1339,3,-36.78482999999994,-73.03588999999994
1340,0,-36.88121499999994,-73.03612199999998
1341,1,-36.88121499999994,-73.03612199999998
1342,2,-36.88121499999994,-73.03612199999998
1343,3,-36.88121499999994,-73.03612199999998
1344,0,-36.81513899999993,-73.03663899999998
1345,1,-36.81513899999993,-73.03663899999998
1346,2,-36.81513899999993,-73.03663899999998
1347,3,-36.81513899999993,-73.03663899999998
1348,0,-36.809222999999974,-73.03697299999999
1349,1,-36.809222999999974,-73.03697299999999
1350,2,-36.809222999999974,-73.03697299999999
1351,3,-36.809222999999974,-73.03697299999999
1352,0,-36.83452799999998,-73.03766699999994
1353,1,-36.83452799999998,-73.03766699999994
1354,2,-36.83452799999998,-73.03766699999994
1355,3,-36.83452799999998,-73.03766699999994
1356,0,-36.82406699999996,-73.03786199999996
1357,1,-36.82406699999996,-73.03786199999996
1358,2,-36.82406699999996,-73.03786199999996
1359,3,-36.82406699999996,-73.03786199999996
1360,0,-36.83032599999996,-73.03812899999997
1361,1,-36.83032599999996,-73.03812899999997
1362,2,-36.83032599999996,-73.03812899999997
1363,3,-36.83032599999996,-73.03812899999997
1364,0,-36.82315099999994,-73.03843399999994
1365,1,-36.82315099999994,-73.03843399999994
1366,2,-36.82315099999994,-73.03843399999994
1367,3,-36.82315099999994,-73.03843399999994
1368,0,-36.82472199999995,-73.03916699999996
1369,1,-36.82472199999995,-73.03916699999996
1370,2,-36.82472199999995,-73.03916699999996
1371,3,-36.82472199999995,-73.03916699999996
1372,0,-36.79638099999994,-73.04037099999994
1373,1,-36.79638099999994,-73.04037099999994
1374,2,-36.79638099999994,-73.04037099999994
1375,3,-36.79638099999994,-73.04037099999994
1376,0,-36.82699999999994,-73.04139999999995
1377,1,-36.82699999999994,-73.04139999999995
1378,2,-36.82699999999994,-73.04139999999995
1379,3,-36.82699999999994,-73.04139999999995
1380,0,-36.81729399999995,-73.04286599999995
1381,1,-36.81729399999995,-73.04286599999995
1382,2,-36.81729399999995,-73.04286599999995
1383,3,-36.81729399999995,-73.04286599999995
1384,0,-36.78283299999998,-73.04327799999999
1385,1,-36.78283299999998,-73.04327799999999
1386,2,-36.78283299999998,-73.04327799999999
1387,3,-36.78283299999998,-73.04327799999999
1388,0,-36.82833299999993,-73.04361099999994
1389,1,-36.82833299999993,-73.04361099999994
1390,2,-36.82833299999993,-73.04361099999994
1391,3,-36.82833299999993,-73.04361099999994
1392,0,-36.78989799999994,-73.04395299999999
1393,1,-36.78989799999994,-73.04395299999999
1394,2,-36.78989799999994,-73.04395299999999
1395,3,-36.78989799999994,-73.04395299999999
1396,0,-36.835091999999975,-73.04418599999997
1397,1,-36.835091999999975,-73.04418599999997
1398,2,-36.835091999999975,-73.04418599999997
1399,3,-36.835091999999975,-73.04418599999997
1400,0,-36.82198599999998,-73.04445899999996
1401,1,-36.82198599999998,-73.04445899999996
1402,2,-36.82198599999998,-73.04445899999996
1403,3,-36.82198599999998,-73.04445899999996
1404,0,-36.776899999999955,-73.04470999999995
1405,1,-36.776899999999955,-73.04470999999995
1406,2,-36.776899999999955,-73.04470999999995
1407,3,-36.776899999999955,-73.04470999999995
1408,0,-36.85158299999995,-73.04494399999999
1409,1,-36.85158299999995,-73.04494399999999
1410,2,-36.85158299999995,-73.04494399999999
1411,3,-36.85158299999995,-73.04494399999999
1412,0,-36.82499999999993,-73.04499999999996
1413,1,-36.82499999999993,-73.04499999999996
1414,2,-36.82499999999993,-73.04499999999996
1415,3,-36.82499999999993,-73.04499999999996
1416,0,-36.82519999999994,-73.04549999999995
1417,1,-36.82519999999994,-73.04549999999995
1418,2,-36.82519999999994,-73.04549999999995
1419,3,-36.82519999999994,-73.04549999999995
1420,0,-36.82634699999994,-73.04624999999999
1421,1,-36.82634699999994,-73.04624999999999
1422,2,-36.82634699999994,-73.04624999999999
1423,3,-36.82634699999994,-73.04624999999999
1424,0,-36.82548299999996,-73.04673899999995
1425,1,-36.82548299999996,-73.04673899999995
1426,2,-36.82548299999996,-73.04673899999995
1427,3,-36.82548299999996,-73.04673899999995
1428,0,-36.82511899999997,-73.04766699999993
1429,1,-36.82511899999997,-73.04766699999993
1430,2,-36.82511899999997,-73.04766699999993
1431,3,-36.82511899999997,-73.04766699999993
1432,0,-36.83033399999994,-73.04787199999998
1433,1,-36.83033399999994,-73.04787199999998
1434,2,-36.83033399999994,-73.04787199999998
1435,3,-36.83033399999994,-73.04787199999998
1436,0,-36.82708299999996,-73.04794199999998
1437,1,-36.82708299999996,-73.04794199999998
1438,2,-36.82708299999996,-73.04794199999998
1439,3,-36.82708299999996,-73.04794199999998
1440,0,-36.85471099999995,-73.04810999999995
1441,1,-36.85471099999995,-73.04810999999995
1442,2,-36.85471099999995,-73.04810999999995
1443,3,-36.85471099999995,-73.04810999999995
1444,0,-36.82588099999998,-73.04833599999995
1445,1,-36.82588099999998,-73.04833599999995
1446,2,-36.82588099999998,-73.04833599999995
1447,3,-36.82588099999998,-73.04833599999995
1448,0,-36.78934799999996,-73.04862699999995
1449,1,-36.78934799999996,-73.04862699999995
1450,2,-36.78934799999996,-73.04862699999995
1451,3,-36.78934799999996,-73.04862699999995
1452,0,-36.83166699999998,-73.04944399999994
1453,1,-36.83166699999998,-73.04944399999994
1454,2,-36.83166699999998,-73.04944399999994
1455,3,-36.83166699999998,-73.04944399999994
1456,0,-36.81660999999997,-73.04948399999995
1457,1,-36.81660999999997,-73.04948399999995
1458,2,-36.81660999999997,-73.04948399999995
1459,3,-36.81660999999997,-73.04948399999995
1460,0,-36.82632499999994,-73.04974099999998
1461,1,-36.82632499999994,-73.04974099999998
1462,2,-36.82632499999994,-73.04974099999998
1463,3,-36.82632499999994,-73.04974099999998
1464,0,-37.34291699999994,-73.05024999999995
1465,1,-37.34291699999994,-73.05024999999995
1466,2,-37.34291699999994,-73.05024999999995
1467,3,-37.34291699999994,-73.05024999999995
1468,0,-36.79638399999993,-73.05122699999998
1469,1,-36.79638399999993,-73.05122699999998
1470,2,-36.79638399999993,-73.05122699999998
1471,3,-36.79638399999993,-73.05122699999998
1472,0,-36.824528999999984,-73.05123299999997
1473,1,-36.824528999999984,-73.05123299999997
1474,2,-36.824528999999984,-73.05123299999997
1475,3,-36.824528999999984,-73.05123299999997
1476,0,-36.81153199999994,-73.05187399999994
1477,1,-36.81153199999994,-73.05187399999994
1478,2,-36.81153199999994,-73.05187399999994
1479,3,-36.81153199999994,-73.05187399999994
1480,0,-37.32211099999995,-73.05197199999998
1481,1,-37.32211099999995,-73.05197199999998
1482,2,-37.32211099999995,-73.05197199999998
1483,3,-37.32211099999995,-73.05197199999998
1484,0,-36.80586399999993,-73.05224999999996
1485,1,-36.80586399999993,-73.05224999999996
1486,2,-36.80586399999993,-73.05224999999996
1487,3,-36.80586399999993,-73.05224999999996
1488,0,-36.82148499999994,-73.05230199999994
1489,1,-36.82148499999994,-73.05230199999994
1490,2,-36.82148499999994,-73.05230199999994
1491,3,-36.82148499999994,-73.05230199999994
1492,0,-36.82861099999997,-73.05277799999999
1493,1,-36.82861099999997,-73.05277799999999
1494,2,-36.82861099999997,-73.05277799999999
1495,3,-36.82861099999997,-73.05277799999999
1496,0,-36.84410299999996,-73.05279699999994
1497,1,-36.84410299999996,-73.05279699999994
1498,2,-36.84410299999996,-73.05279699999994
1499,3,-36.84410299999996,-73.05279699999994
1500,0,-36.82072299999993,-73.05284799999998
1501,1,-36.82072299999993,-73.05284799999998
1502,2,-36.82072299999993,-73.05284799999998
1503,3,-36.82072299999993,-73.05284799999998
1504,0,-36.826832999999965,-73.05380599999995
1505,1,-36.826832999999965,-73.05380599999995
1506,2,-36.826832999999965,-73.05380599999995
1507,3,-36.826832999999965,-73.05380599999995
1508,0,-36.83361099999996,-73.05388899999997
1509,1,-36.83361099999996,-73.05388899999997
1510,2,-36.83361099999996,-73.05388899999997
1511,3,-36.83361099999996,-73.05388899999997
1512,0,-36.833459999999945,-73.05409599999996
1513,1,-36.833459999999945,-73.05409599999996
1514,2,-36.833459999999945,-73.05409599999996
1515,3,-36.833459999999945,-73.05409599999996
1516,0,-36.82952799999998,-73.05411099999998
1517,1,-36.82952799999998,-73.05411099999998
1518,2,-36.82952799999998,-73.05411099999998
1519,3,-36.82952799999998,-73.05411099999998
1520,0,-36.828262999999936,-73.05431499999997
1521,1,-36.828262999999936,-73.05431499999997
1522,2,-36.828262999999936,-73.05431499999997
1523,3,-36.828262999999936,-73.05431499999997
1524,0,-37.11319699999996,-73.05447199999998
1525,1,-37.11319699999996,-73.05447199999998
1526,2,-37.11319699999996,-73.05447199999998
1527,3,-37.11319699999996,-73.05447199999998
1528,0,-36.82446399999998,-73.05567799999994
1529,1,-36.82446399999998,-73.05567799999994
1530,2,-36.82446399999998,-73.05567799999994
1531,3,-36.82446399999998,-73.05567799999994
1532,0,-36.792412999999954,-73.05575299999998
1533,1,-36.792412999999954,-73.05575299999998
1534,2,-36.792412999999954,-73.05575299999998
1535,3,-36.792412999999954,-73.05575299999998
1536,0,-36.83143599999994,-73.05629899999997
1537,1,-36.83143599999994,-73.05629899999997
1538,2,-36.83143599999994,-73.05629899999997
1539,3,-36.83143599999994,-73.05629899999997
1540,0,-36.77758099999994,-73.05730299999993
1541,1,-36.77758099999994,-73.05730299999993
1542,2,-36.77758099999994,-73.05730299999993
1543,3,-36.77758099999994,-73.05730299999993
1544,0,-36.82990799999993,-73.05773899999997
1545,1,-36.82990799999993,-73.05773899999997
1546,2,-36.82990799999993,-73.05773899999997
1547,3,-36.82990799999993,-73.05773899999997
1548,0,-36.82105299999995,-73.05860399999995
1549,1,-36.82105299999995,-73.05860399999995
1550,2,-36.82105299999995,-73.05860399999995
1551,3,-36.82105299999995,-73.05860399999995
1552,0,-36.78936099999993,-73.05908299999999
1553,1,-36.78936099999993,-73.05908299999999
1554,2,-36.78936099999993,-73.05908299999999
1555,3,-36.78936099999993,-73.05908299999999
1556,0,-36.81221999999997,-73.05946999999998
1557,1,-36.81221999999997,-73.05946999999998
1558,2,-36.81221999999997,-73.05946999999998
1559,3,-36.81221999999997,-73.05946999999998
1560,0,-36.78333299999997,-73.05952799999994
1561,1,-36.78333299999997,-73.05952799999994
1562,2,-36.78333299999997,-73.05952799999994
1563,3,-36.78333299999997,-73.05952799999994
1564,0,-36.77695399999993,-73.05956199999997
1565,1,-36.77695399999993,-73.05956199999997
1566,2,-36.77695399999993,-73.05956199999997
1567,3,-36.77695399999993,-73.05956199999997
1568,0,-36.793429999999944,-73.05958999999996
1569,1,-36.793429999999944,-73.05958999999996
1570,2,-36.793429999999944,-73.05958999999996
1571,3,-36.793429999999944,-73.05958999999996
1572,0,-36.81751399999996,-73.06051099999996
1573,1,-36.81751399999996,-73.06051099999996
1574,2,-36.81751399999996,-73.06051099999996
1575,3,-36.81751399999996,-73.06051099999996
1576,0,-36.827080999999964,-73.06053899999995
1577,1,-36.827080999999964,-73.06053899999995
1578,2,-36.827080999999964,-73.06053899999995
1579,3,-36.827080999999964,-73.06053899999995
1580,0,-36.82888899999995,-73.06055599999996
1581,1,-36.82888899999995,-73.06055599999996
1582,2,-36.82888899999995,-73.06055599999996
1583,3,-36.82888899999995,-73.06055599999996
1584,0,-36.823643999999945,-73.06095299999998
1585,1,-36.823643999999945,-73.06095299999998
1586,2,-36.823643999999945,-73.06095299999998
1587,3,-36.823643999999945,-73.06095299999998
1588,0,-36.833582999999976,-73.06105599999995
1589,1,-36.833582999999976,-73.06105599999995
1590,2,-36.833582999999976,-73.06105599999995
1591,3,-36.833582999999976,-73.06105599999995
1592,0,-36.80008299999997,-73.06138899999996
1593,1,-36.80008299999997,-73.06138899999996
1594,2,-36.80008299999997,-73.06138899999996
1595,3,-36.80008299999997,-73.06138899999996
1596,0,-36.63705599999997,-73.06247199999996
1597,1,-36.63705599999997,-73.06247199999996
1598,2,-36.63705599999997,-73.06247199999996
1599,3,-36.63705599999997,-73.06247199999996
1600,0,-36.829935999999975,-73.06310599999995
1601,1,-36.829935999999975,-73.06310599999995
1602,2,-36.829935999999975,-73.06310599999995
1603,3,-36.829935999999975,-73.06310599999995
1604,0,-36.877362999999946,-73.06477499999994
1605,1,-36.877362999999946,-73.06477499999994
1606,2,-36.877362999999946,-73.06477499999994
1607,3,-36.877362999999946,-73.06477499999994
1608,0,-36.79122199999995,-73.06591699999996
1609,1,-36.79122199999995,-73.06591699999996
1610,2,-36.79122199999995,-73.06591699999996
1611,3,-36.79122199999995,-73.06591699999996
1612,0,-36.87243399999994,-73.06620099999998
1613,1,-36.87243399999994,-73.06620099999998
1614,2,-36.87243399999994,-73.06620099999998
1615,3,-36.87243399999994,-73.06620099999998
1616,0,-36.80741299999994,-73.06643199999996
1617,1,-36.80741299999994,-73.06643199999996
1618,2,-36.80741299999994,-73.06643199999996
1619,3,-36.80741299999994,-73.06643199999996
1620,0,-36.79188599999998,-73.06645699999996
1621,1,-36.79188599999998,-73.06645699999996
1622,2,-36.79188599999998,-73.06645699999996
1623,3,-36.79188599999998,-73.06645699999996
1624,0,-36.81854699999997,-73.06724199999996
1625,1,-36.81854699999997,-73.06724199999996
1626,2,-36.81854699999997,-73.06724199999996
1627,3,-36.81854699999997,-73.06724199999996
1628,0,-36.82552999999996,-73.06779999999998
1629,1,-36.82552999999996,-73.06779999999998
1630,2,-36.82552999999996,-73.06779999999998
1631,3,-36.82552999999996,-73.06779999999998
1632,0,-36.966857999999945,-73.06877799999995
1633,1,-36.966857999999945,-73.06877799999995
1634,2,-36.966857999999945,-73.06877799999995
1635,3,-36.966857999999945,-73.06877799999995
1636,0,-36.816776999999945,-73.06963799999994
1637,1,-36.816776999999945,-73.06963799999994
1638,2,-36.816776999999945,-73.06963799999994
1639,3,-36.816776999999945,-73.06963799999994
1640,0,-36.86459599999995,-73.06964199999999
1641,1,-36.86459599999995,-73.06964199999999
1642,2,-36.86459599999995,-73.06964199999999
1643,3,-36.86459599999995,-73.06964199999999
1644,0,-36.79708999999997,-73.06984999999997
1645,1,-36.79708999999997,-73.06984999999997
1646,2,-36.79708999999997,-73.06984999999997
1647,3,-36.79708999999997,-73.06984999999997
1648,0,-36.79215999999997,-73.07163799999995
1649,1,-36.79215999999997,-73.07163799999995
1650,2,-36.79215999999997,-73.07163799999995
1651,3,-36.79215999999997,-73.07163799999995
1652,0,-36.811665999999946,-73.07172899999995
1653,1,-36.811665999999946,-73.07172899999995
1654,2,-36.811665999999946,-73.07172899999995
1655,3,-36.811665999999946,-73.07172899999995
1656,0,-36.770482999999956,-73.07268899999997
1657,1,-36.770482999999956,-73.07268899999997
1658,2,-36.770482999999956,-73.07268899999997
1659,3,-36.770482999999956,-73.07268899999997
1660,0,-36.85583299999996,-73.07622199999997
1661,1,-36.85583299999996,-73.07622199999997
1662,2,-36.85583299999996,-73.07622199999997
1663,3,-36.85583299999996,-73.07622199999997
1664,0,-36.803777999999966,-73.07641699999994
1665,1,-36.803777999999966,-73.07641699999994
1666,2,-36.803777999999966,-73.07641699999994
1667,3,-36.803777999999966,-73.07641699999994
1668,0,-36.84247199999993,-73.07816699999995
1669,1,-36.84247199999993,-73.07816699999995
1670,2,-36.84247199999993,-73.07816699999995
1671,3,-36.84247199999993,-73.07816699999995
1672,0,-37.17838199999994,-73.07870899999995
1673,1,-37.17838199999994,-73.07870899999995
1674,2,-37.17838199999994,-73.07870899999995
1675,3,-37.17838199999994,-73.07870899999995
1676,0,-36.779777999999965,-73.07922199999996
1677,1,-36.779777999999965,-73.07922199999996
1678,2,-36.779777999999965,-73.07922199999996
1679,3,-36.779777999999965,-73.07922199999996
1680,0,-36.78923299999997,-73.07941699999998
1681,1,-36.78923299999997,-73.07941699999998
1682,2,-36.78923299999997,-73.07941699999998
1683,3,-36.78923299999997,-73.07941699999998
1684,0,-36.81022199999995,-73.08077799999995
1685,1,-36.81022199999995,-73.08077799999995
1686,2,-36.81022199999995,-73.08077799999995
1687,3,-36.81022199999995,-73.08077799999995
1688,0,-36.76953099999997,-73.08124999999995
1689,1,-36.76953099999997,-73.08124999999995
1690,2,-36.76953099999997,-73.08124999999995
1691,3,-36.76953099999997,-73.08124999999995
1692,0,-36.839677999999935,-73.08480999999995
1693,1,-36.839677999999935,-73.08480999999995
1694,2,-36.839677999999935,-73.08480999999995
1695,3,-36.839677999999935,-73.08480999999995
1696,0,-36.79842699999995,-73.08494599999995
1697,1,-36.79842699999995,-73.08494599999995
1698,2,-36.79842699999995,-73.08494599999995
1699,3,-36.79842699999995,-73.08494599999995
1700,0,-36.763360999999975,-73.08538899999996
1701,1,-36.763360999999975,-73.08538899999996
1702,2,-36.763360999999975,-73.08538899999996
1703,3,-36.763360999999975,-73.08538899999996
1704,0,-36.74694699999998,-73.08539999999994
1705,1,-36.74694699999998,-73.08539999999994
1706,2,-36.74694699999998,-73.08539999999994
1707,3,-36.74694699999998,-73.08539999999994
1708,0,-36.79174699999993,-73.08586399999996
1709,1,-36.79174699999993,-73.08586399999996
1710,2,-36.79174699999993,-73.08586399999996
1711,3,-36.79174699999993,-73.08586399999996
1712,0,-36.838963999999976,-73.08605699999998
1713,1,-36.838963999999976,-73.08605699999998
1714,2,-36.838963999999976,-73.08605699999998
1715,3,-36.838963999999976,-73.08605699999998
1716,0,-36.78563899999995,-73.08727799999997
1717,1,-36.78563899999995,-73.08727799999997
1718,2,-36.78563899999995,-73.08727799999997
1719,3,-36.78563899999995,-73.08727799999997
1720,0,-36.75829999999996,-73.08749999999998
1721,1,-36.75829999999996,-73.08749999999998
1722,2,-36.75829999999996,-73.08749999999998
1723,3,-36.75829999999996,-73.08749999999998
1724,0,-37.40379999999993,-73.08759999999995
1725,1,-37.40379999999993,-73.08759999999995
1726,2,-37.40379999999993,-73.08759999999995
1727,3,-37.40379999999993,-73.08759999999995
1728,0,-36.74225299999995,-73.08848899999998
1729,1,-36.74225299999995,-73.08848899999998
1730,2,-36.74225299999995,-73.08848899999998
1731,3,-36.74225299999995,-73.08848899999998
1732,0,-36.80576899999994,-73.08885599999996
1733,1,-36.80576899999994,-73.08885599999996
1734,2,-36.80576899999994,-73.08885599999996
1735,3,-36.80576899999994,-73.08885599999996
1736,0,-36.79882399999997,-73.09001999999998
1737,1,-36.79882399999997,-73.09001999999998
1738,2,-36.79882399999997,-73.09001999999998
1739,3,-36.79882399999997,-73.09001999999998
1740,0,-36.861448999999936,-73.09101799999996
1741,1,-36.861448999999936,-73.09101799999996
1742,2,-36.861448999999936,-73.09101799999996
1743,3,-36.861448999999936,-73.09101799999996
1744,0,-36.750999999999976,-73.09199999999998
1745,1,-36.750999999999976,-73.09199999999998
1746,2,-36.750999999999976,-73.09199999999998
1747,3,-36.750999999999976,-73.09199999999998
1748,0,-36.84458299999994,-73.09361099999995
1749,1,-36.84458299999994,-73.09361099999995
1750,2,-36.84458299999994,-73.09361099999995
1751,3,-36.84458299999994,-73.09361099999995
1752,0,-36.78109999999998,-73.09439999999995
1753,1,-36.78109999999998,-73.09439999999995
1754,2,-36.78109999999998,-73.09439999999995
1755,3,-36.78109999999998,-73.09439999999995
1756,0,-36.769968999999946,-73.09488799999997
1757,1,-36.769968999999946,-73.09488799999997
1758,2,-36.769968999999946,-73.09488799999997
1759,3,-36.769968999999946,-73.09488799999997
1760,0,-36.85688899999997,-73.09528299999994
1761,1,-36.85688899999997,-73.09528299999994
1762,2,-36.85688899999997,-73.09528299999994
1763,3,-36.85688899999997,-73.09528299999994
1764,0,-36.83928999999995,-73.09645099999994
1765,1,-36.83928999999995,-73.09645099999994
1766,2,-36.83928999999995,-73.09645099999994
1767,3,-36.83928999999995,-73.09645099999994
1768,0,-36.78922199999994,-73.09672799999998
1769,1,-36.78922199999994,-73.09672799999998
1770,2,-36.78922199999994,-73.09672799999998
1771,3,-36.78922199999994,-73.09672799999998
1772,0,-36.801759999999945,-73.09783599999997
1773,1,-36.801759999999945,-73.09783599999997
1774,2,-36.801759999999945,-73.09783599999997
1775,3,-36.801759999999945,-73.09783599999997
1776,0,-36.76135799999997,-73.09860799999996
1777,1,-36.76135799999997,-73.09860799999996
1778,2,-36.76135799999997,-73.09860799999996
1779,3,-36.76135799999997,-73.09860799999996
1780,0,-36.83653899999996,-73.10031899999996
1781,1,-36.83653899999996,-73.10031899999996
1782,2,-36.83653899999996,-73.10031899999996
1783,3,-36.83653899999996,-73.10031899999996
1784,0,-36.77961299999998,-73.10032699999994
1785,1,-36.77961299999998,-73.10032699999994
1786,2,-36.77961299999998,-73.10032699999994
1787,3,-36.77961299999998,-73.10032699999994
1788,0,-37.08660899999995,-73.10255899999999
1789,1,-37.08660899999995,-73.10255899999999
1790,2,-37.08660899999995,-73.10255899999999
1791,3,-37.08660899999995,-73.10255899999999
1792,0,-36.75266799999997,-73.10366699999997
1793,1,-36.75266799999997,-73.10366699999997
1794,2,-36.75266799999997,-73.10366699999997
1795,3,-36.75266799999997,-73.10366699999997
1796,0,-36.79099999999994,-73.10419999999993
1797,1,-36.79099999999994,-73.10419999999993
1798,2,-36.79099999999994,-73.10419999999993
1799,3,-36.79099999999994,-73.10419999999993
1800,0,-36.84355899999997,-73.10450299999997
1801,1,-36.84355899999997,-73.10450299999997
1802,2,-36.84355899999997,-73.10450299999997
1803,3,-36.84355899999997,-73.10450299999997
1804,0,-36.83777799999996,-73.10499999999996
1805,1,-36.83777799999996,-73.10499999999996
1806,2,-36.83777799999996,-73.10499999999996
1807,3,-36.83777799999996,-73.10499999999996
1808,0,-36.73576899999995,-73.10557399999993
1809,1,-36.73576899999995,-73.10557399999993
1810,2,-36.73576899999995,-73.10557399999993
1811,3,-36.73576899999995,-73.10557399999993
1812,0,-36.69430599999998,-73.10630599999996
1813,1,-36.69430599999998,-73.10630599999996
1814,2,-36.69430599999998,-73.10630599999996
1815,3,-36.69430599999998,-73.10630599999996
1816,0,-36.804877999999974,-73.10641099999998
1817,1,-36.804877999999974,-73.10641099999998
1818,2,-36.804877999999974,-73.10641099999998
1819,3,-36.804877999999974,-73.10641099999998
1820,0,-36.784884999999974,-73.10648099999997
1821,1,-36.784884999999974,-73.10648099999997
1822,2,-36.784884999999974,-73.10648099999997
1823,3,-36.784884999999974,-73.10648099999997
1824,0,-36.79583299999996,-73.10666699999996
1825,1,-36.79583299999996,-73.10666699999996
1826,2,-36.79583299999996,-73.10666699999996
1827,3,-36.79583299999996,-73.10666699999996
1828,0,-36.74129999999997,-73.10739999999998
1829,1,-36.74129999999997,-73.10739999999998
1830,2,-36.74129999999997,-73.10739999999998
1831,3,-36.74129999999997,-73.10739999999998
1832,0,-36.77673199999998,-73.10790999999995
1833,1,-36.77673199999998,-73.10790999999995
1834,2,-36.77673199999998,-73.10790999999995
1835,3,-36.77673199999998,-73.10790999999995
1836,0,-36.74073199999998,-73.10917599999993
1837,1,-36.74073199999998,-73.10917599999993
1838,2,-36.74073199999998,-73.10917599999993
1839,3,-36.74073199999998,-73.10917599999993
1840,0,-36.74026699999996,-73.10923099999997
1841,1,-36.74026699999996,-73.10923099999997
1842,2,-36.74026699999996,-73.10923099999997
1843,3,-36.74026699999996,-73.10923099999997
1844,0,-36.72511099999997,-73.10927799999996
1845,1,-36.72511099999997,-73.10927799999996
1846,2,-36.72511099999997,-73.10927799999996
1847,3,-36.72511099999997,-73.10927799999996
1848,0,-36.84472199999993,-73.11013899999995
1849,1,-36.84472199999993,-73.11013899999995
1850,2,-36.84472199999993,-73.11013899999995
1851,3,-36.84472199999993,-73.11013899999995
1852,0,-36.78886399999993,-73.11043299999994
1853,1,-36.78886399999993,-73.11043299999994
1854,2,-36.78886399999993,-73.11043299999994
1855,3,-36.78886399999993,-73.11043299999994
1856,0,-36.79756999999995,-73.11173199999996
1857,1,-36.79756999999995,-73.11173199999996
1858,2,-36.79756999999995,-73.11173199999996
1859,3,-36.79756999999995,-73.11173199999996
1860,0,-36.71472199999994,-73.11333299999995
1861,1,-36.71472199999994,-73.11333299999995
1862,2,-36.71472199999994,-73.11333299999995
1863,3,-36.71472199999994,-73.11333299999995
1864,0,-36.70820199999997,-73.11395699999997
1865,1,-36.70820199999997,-73.11395699999997
1866,2,-36.70820199999997,-73.11395699999997
1867,3,-36.70820199999997,-73.11395699999997
1868,0,-36.718456999999944,-73.11439099999996
1869,1,-36.718456999999944,-73.11439099999996
1870,2,-36.718456999999944,-73.11439099999996
1871,3,-36.718456999999944,-73.11439099999996
1872,0,-36.69097299999993,-73.11478999999997
1873,1,-36.69097299999993,-73.11478999999997
1874,2,-36.69097299999993,-73.11478999999997
1875,3,-36.69097299999993,-73.11478999999997
1876,0,-36.76702199999994,-73.11504999999994
1877,1,-36.76702199999994,-73.11504999999994
1878,2,-36.76702199999994,-73.11504999999994
1879,3,-36.76702199999994,-73.11504999999994
1880,0,-36.83069599999993,-73.11517899999996
1881,1,-36.83069599999993,-73.11517899999996
1882,2,-36.83069599999993,-73.11517899999996
1883,3,-36.83069599999993,-73.11517899999996
1884,0,-36.79456899999997,-73.11527899999999
1885,1,-36.79456899999997,-73.11527899999999
1886,2,-36.79456899999997,-73.11527899999999
1887,3,-36.79456899999997,-73.11527899999999
1888,0,-36.83546999999993,-73.11664999999994
1889,1,-36.83546999999993,-73.11664999999994
1890,2,-36.83546999999993,-73.11664999999994
1891,3,-36.83546999999993,-73.11664999999994
1892,0,-36.722805999999935,-73.11883299999994
1893,1,-36.722805999999935,-73.11883299999994
1894,2,-36.722805999999935,-73.11883299999994
1895,3,-36.722805999999935,-73.11883299999994
1896,0,-38.171986999999945,-73.12129599999997
1897,1,-38.171986999999945,-73.12129599999997
1898,2,-38.171986999999945,-73.12129599999997
1899,3,-38.171986999999945,-73.12129599999997
1900,0,-36.71518999999995,-73.12243399999994
1901,1,-36.71518999999995,-73.12243399999994
1902,2,-36.71518999999995,-73.12243399999994
1903,3,-36.71518999999995,-73.12243399999994
1904,0,-37.08209599999998,-73.12354499999998
1905,1,-37.08209599999998,-73.12354499999998
1906,2,-37.08209599999998,-73.12354499999998
1907,3,-37.08209599999998,-73.12354499999998
1908,0,-36.77403099999998,-73.12365399999999
1909,1,-36.77403099999998,-73.12365399999999
1910,2,-36.77403099999998,-73.12365399999999
1911,3,-36.77403099999998,-73.12365399999999
1912,0,-36.725499999999954,-73.12499999999994
1913,1,-36.725499999999954,-73.12499999999994
1914,2,-36.725499999999954,-73.12499999999994
1915,3,-36.725499999999954,-73.12499999999994
1916,0,-36.826709999999935,-73.12507999999997
1917,1,-36.826709999999935,-73.12507999999997
1918,2,-36.826709999999935,-73.12507999999997
1919,3,-36.826709999999935,-73.12507999999997
1920,0,-36.75558099999995,-73.12529199999994
1921,1,-36.75558099999995,-73.12529199999994
1922,2,-36.75558099999995,-73.12529199999994
1923,3,-36.75558099999995,-73.12529199999994
1924,0,-37.026876999999956,-73.12752899999998
1925,1,-37.026876999999956,-73.12752899999998
1926,2,-37.026876999999956,-73.12752899999998
1927,3,-37.026876999999956,-73.12752899999998
1928,0,-36.71165799999994,-73.12811899999997
1929,1,-36.71165799999994,-73.12811899999997
1930,2,-36.71165799999994,-73.12811899999997
1931,3,-36.71165799999994,-73.12811899999997
1932,0,-36.71646799999996,-73.13275899999996
1933,1,-36.71646799999996,-73.13275899999996
1934,2,-36.71646799999996,-73.13275899999996
1935,3,-36.71646799999996,-73.13275899999996
1936,0,-36.843305999999984,-73.13302799999997
1937,1,-36.843305999999984,-73.13302799999997
1938,2,-36.843305999999984,-73.13302799999997
1939,3,-36.843305999999984,-73.13302799999997
1940,0,-36.71238099999994,-73.13406699999996
1941,1,-36.71238099999994,-73.13406699999996
1942,2,-36.71238099999994,-73.13406699999996
1943,3,-36.71238099999994,-73.13406699999996
1944,0,-36.878251999999975,-73.13447699999995
1945,1,-36.878251999999975,-73.13447699999995
1946,2,-36.878251999999975,-73.13447699999995
1947,3,-36.878251999999975,-73.13447699999995
1948,0,-36.85155599999996,-73.13488899999999
1949,1,-36.85155599999996,-73.13488899999999
1950,2,-36.85155599999996,-73.13488899999999
1951,3,-36.85155599999996,-73.13488899999999
1952,0,-36.83732199999997,-73.13554399999998
1953,1,-36.83732199999997,-73.13554399999998
1954,2,-36.83732199999997,-73.13554399999998
1955,3,-36.83732199999997,-73.13554399999998
1956,0,-37.028547999999944,-73.13608199999999
1957,1,-37.028547999999944,-73.13608199999999
1958,2,-37.028547999999944,-73.13608199999999
1959,3,-37.028547999999944,-73.13608199999999
1960,0,-36.82777199999998,-73.13842699999998
1961,1,-36.82777199999998,-73.13842699999998
1962,2,-36.82777199999998,-73.13842699999998
1963,3,-36.82777199999998,-73.13842699999998
1964,0,-36.88687199999998,-73.13896399999999
1965,1,-36.88687199999998,-73.13896399999999
1966,2,-36.88687199999998,-73.13896399999999
1967,3,-36.88687199999998,-73.13896399999999
1968,0,-38.17760999999996,-73.13929999999993
1969,1,-38.17760999999996,-73.13929999999993
1970,2,-38.17760999999996,-73.13929999999993
1971,3,-38.17760999999996,-73.13929999999993
1972,0,-36.89409399999994,-73.13930199999999
1973,1,-36.89409399999994,-73.13930199999999
1974,2,-36.89409399999994,-73.13930199999999
1975,3,-36.89409399999994,-73.13930199999999
1976,0,-36.84305599999993,-73.13949999999994
1977,1,-36.84305599999993,-73.13949999999994
1978,2,-36.84305599999993,-73.13949999999994
1979,3,-36.84305599999993,-73.13949999999994
1980,0,-36.716643999999974,-73.13982499999997
1981,1,-36.716643999999974,-73.13982499999997
1982,2,-36.716643999999974,-73.13982499999997
1983,3,-36.716643999999974,-73.13982499999997
1984,0,-38.07703899999996,-73.14073299999995
1985,1,-38.07703899999996,-73.14073299999995
1986,2,-38.07703899999996,-73.14073299999995
1987,3,-38.07703899999996,-73.14073299999995
1988,0,-36.974860999999976,-73.14102769999994
1989,1,-36.974860999999976,-73.14102769999994
1990,2,-36.974860999999976,-73.14102769999994
1991,3,-36.974860999999976,-73.14102769999994
1992,0,-36.86899999999997,-73.14177799999999
1993,1,-36.86899999999997,-73.14177799999999
1994,2,-36.86899999999997,-73.14177799999999
1995,3,-36.86899999999997,-73.14177799999999
1996,0,-37.034899999999936,-73.14199999999994
1997,1,-37.034899999999936,-73.14199999999994
1998,2,-37.034899999999936,-73.14199999999994
1999,3,-37.034899999999936,-73.14199999999994
2000,0,-37.08330999999998,-73.14243999999997
2001,1,-37.08330999999998,-73.14243999999997
2002,2,-37.08330999999998,-73.14243999999997
2003,3,-37.08330999999998,-73.14243999999997
2004,0,-37.111471999999935,-73.14258299999995
2005,1,-37.111471999999935,-73.14258299999995
2006,2,-37.111471999999935,-73.14258299999995
2007,3,-37.111471999999935,-73.14258299999995
2008,0,-36.84882499999998,-73.14281699999998
2009,1,-36.84882499999998,-73.14281699999998
2010,2,-36.84882499999998,-73.14281699999998
2011,3,-36.84882499999998,-73.14281699999998
2012,0,-36.908045999999956,-73.14315799999997
2013,1,-36.908045999999956,-73.14315799999997
2014,2,-36.908045999999956,-73.14315799999997
2015,3,-36.908045999999956,-73.14315799999997
2016,0,-37.06652799999995,-73.14411099999995
2017,1,-37.06652799999995,-73.14411099999995
2018,2,-37.06652799999995,-73.14411099999995
2019,3,-37.06652799999995,-73.14411099999995
2020,0,-36.88920099999996,-73.14586799999995
2021,1,-36.88920099999996,-73.14586799999995
2022,2,-36.88920099999996,-73.14586799999995
2023,3,-36.88920099999996,-73.14586799999995
2024,0,-36.967971999999975,-73.14616699999993
2025,1,-36.967971999999975,-73.14616699999993
2026,2,-36.967971999999975,-73.14616699999993
2027,3,-36.967971999999975,-73.14616699999993
2028,0,-36.83838799999995,-73.14636099999996
2029,1,-36.83838799999995,-73.14636099999996
2030,2,-36.83838799999995,-73.14636099999996
2031,3,-36.83838799999995,-73.14636099999996
2032,0,-36.853125999999975,-73.14648999999997
2033,1,-36.853125999999975,-73.14648999999997
2034,2,-36.853125999999975,-73.14648999999997
2035,3,-36.853125999999975,-73.14648999999997
2036,0,-36.98484899999994,-73.14657399999999
2037,1,-36.98484899999994,-73.14657399999999
2038,2,-36.98484899999994,-73.14657399999999
2039,3,-36.98484899999994,-73.14657399999999
2040,0,-36.84521999999998,-73.14732299999997
2041,1,-36.84521999999998,-73.14732299999997
2042,2,-36.84521999999998,-73.14732299999997
2043,3,-36.84521999999998,-73.14732299999997
2044,0,-37.09348099999994,-73.14737699999995
2045,1,-37.09348099999994,-73.14737699999995
2046,2,-37.09348099999994,-73.14737699999995
2047,3,-37.09348099999994,-73.14737699999995
2048,0,-36.93077499999998,-73.14797699999997
2049,1,-36.93077499999998,-73.14797699999997
2050,2,-36.93077499999998,-73.14797699999997
2051,3,-36.93077499999998,-73.14797699999997
2052,0,-36.90192399999995,-73.14912799999996
2053,1,-36.90192399999995,-73.14912799999996
2054,2,-36.90192399999995,-73.14912799999996
2055,3,-36.90192399999995,-73.14912799999996
2056,0,-37.00960199999997,-73.14914499999998
2057,1,-37.00960199999997,-73.14914499999998
2058,2,-37.00960199999997,-73.14914499999998
2059,3,-37.00960199999997,-73.14914499999998
2060,0,-37.02616699999993,-73.14986099999999
2061,1,-37.02616699999993,-73.14986099999999
2062,2,-37.02616699999993,-73.14986099999999
2063,3,-37.02616699999993,-73.14986099999999
2064,0,-36.91655499999996,-73.15078799999998
2065,1,-36.91655499999996,-73.15078799999998
2066,2,-36.91655499999996,-73.15078799999998
2067,3,-36.91655499999996,-73.15078799999998
2068,0,-37.081665999999984,-73.15100899999999
2069,1,-37.081665999999984,-73.15100899999999
2070,2,-37.081665999999984,-73.15100899999999
2071,3,-37.081665999999984,-73.15100899999999
2072,0,-36.97926999999993,-73.15232999999995
2073,1,-36.97926999999993,-73.15232999999995
2074,2,-36.97926999999993,-73.15232999999995
2075,3,-36.97926999999993,-73.15232999999995
2076,0,-37.09366199999994,-73.15357699999998
2077,1,-37.09366199999994,-73.15357699999998
2078,2,-37.09366199999994,-73.15357699999998
2079,3,-37.09366199999994,-73.15357699999998
2080,0,-37.023350999999934,-73.15364899999997
2081,1,-37.023350999999934,-73.15364899999997
2082,2,-37.023350999999934,-73.15364899999997
2083,3,-37.023350999999934,-73.15364899999997
2084,0,-37.48663899999997,-73.15391699999998
2085,1,-37.48663899999997,-73.15391699999998
2086,2,-37.48663899999997,-73.15391699999998
2087,3,-37.48663899999997,-73.15391699999998
2088,0,-36.994099999999946,-73.15499999999997
2089,1,-36.994099999999946,-73.15499999999997
2090,2,-36.994099999999946,-73.15499999999997
2091,3,-36.994099999999946,-73.15499999999997
2092,0,-37.076075999999944,-73.15639899999996
2093,1,-37.076075999999944,-73.15639899999996
2094,2,-37.076075999999944,-73.15639899999996
2095,3,-37.076075999999944,-73.15639899999996
2096,0,-36.99979999999994,-73.15769999999998
2097,1,-36.99979999999994,-73.15769999999998
2098,2,-36.99979999999994,-73.15769999999998
2099,3,-36.99979999999994,-73.15769999999998
2100,0,-36.98558499999996,-73.15823399999994
2101,1,-36.98558499999996,-73.15823399999994
2102,2,-36.98558499999996,-73.15823399999994
2103,3,-36.98558499999996,-73.15823399999994
2104,0,-36.975915999999984,-73.16021999999998
2105,1,-36.975915999999984,-73.16021999999998
2106,2,-36.975915999999984,-73.16021999999998
2107,3,-36.975915999999984,-73.16021999999998
2108,0,-37.09080599999993,-73.16105599999997
2109,1,-37.09080599999993,-73.16105599999997
2110,2,-37.09080599999993,-73.16105599999997
2111,3,-37.09080599999993,-73.16105599999997
2112,0,-36.99526599999996,-73.16174899999999
2113,1,-36.99526599999996,-73.16174899999999
2114,2,-36.99526599999996,-73.16174899999999
2115,3,-36.99526599999996,-73.16174899999999
2116,0,-36.96530699999994,-73.16191699999996
2117,1,-36.96530699999994,-73.16191699999996
2118,2,-36.96530699999994,-73.16191699999996
2119,3,-36.96530699999994,-73.16191699999996
2120,0,-36.97941599999996,-73.16248299999995
2121,1,-36.97941599999996,-73.16248299999995
2122,2,-36.97941599999996,-73.16248299999995
2123,3,-36.97941599999996,-73.16248299999995
2124,0,-36.98803099999998,-73.16248299999995
2125,1,-36.98803099999998,-73.16248299999995
2126,2,-36.98803099999998,-73.16248299999995
2127,3,-36.98803099999998,-73.16248299999995
2128,0,-36.95549999999997,-73.16249999999997
2129,1,-36.95549999999997,-73.16249999999997
2130,2,-36.95549999999997,-73.16249999999997
2131,3,-36.95549999999997,-73.16249999999997
2132,0,-36.99269099999998,-73.16389299999997
2133,1,-36.99269099999998,-73.16389299999997
2134,2,-36.99269099999998,-73.16389299999997
2135,3,-36.99269099999998,-73.16389299999997
2136,0,-37.01049999999998,-73.16449999999998
2137,1,-37.01049999999998,-73.16449999999998
2138,2,-37.01049999999998,-73.16449999999998
2139,3,-37.01049999999998,-73.16449999999998
2140,0,-36.999616999999944,-73.16579899999994
2141,1,-36.999616999999944,-73.16579899999994
2142,2,-36.999616999999944,-73.16579899999994
2143,3,-36.999616999999944,-73.16579899999994
2144,0,-36.98342999999994,-73.16733499999998
2145,1,-36.98342999999994,-73.16733499999998
2146,2,-36.98342999999994,-73.16733499999998
2147,3,-36.98342999999994,-73.16733499999998
2148,0,-37.14549999999997,-73.16847199999995
2149,1,-37.14549999999997,-73.16847199999995
2150,2,-37.14549999999997,-73.16847199999995
2151,3,-37.14549999999997,-73.16847199999995
2152,0,-36.78324699999996,-73.16936199999998
2153,1,-36.78324699999996,-73.16936199999998
2154,2,-36.78324699999996,-73.16936199999998
2155,3,-36.78324699999996,-73.16936199999998
2156,0,-36.97397499999994,-73.17159999999996
2157,1,-36.97397499999994,-73.17159999999996
2158,2,-36.97397499999994,-73.17159999999996
2159,3,-36.97397499999994,-73.17159999999996
2160,0,-36.99389299999996,-73.17359899999997
2161,1,-36.99389299999996,-73.17359899999997
2162,2,-36.99389299999996,-73.17359899999997
2163,3,-36.99389299999996,-73.17359899999997
2164,0,-37.163374999999974,-73.18142499999993
2165,1,-37.163374999999974,-73.18142499999993
2166,2,-37.163374999999974,-73.18142499999993
2167,3,-37.163374999999974,-73.18142499999993
2168,0,-37.51027799999997,-73.18758299999996
2169,1,-37.51027799999997,-73.18758299999996
2170,2,-37.51027799999997,-73.18758299999996
2171,3,-37.51027799999997,-73.18758299999996
2172,0,-37.18389999999994,-73.19537699999995
2173,1,-37.18389999999994,-73.19537699999995
2174,2,-37.18389999999994,-73.19537699999995
2175,3,-37.18389999999994,-73.19537699999995
2176,0,-38.149805999999955,-73.19602799999996
2177,1,-38.149805999999955,-73.19602799999996
2178,2,-38.149805999999955,-73.19602799999996
2179,3,-38.149805999999955,-73.19602799999996
2180,0,-37.26706699999994,-73.19814999999994
2181,1,-37.26706699999994,-73.19814999999994
2182,2,-37.26706699999994,-73.19814999999994
2183,3,-37.26706699999994,-73.19814999999994
2184,0,-36.77694399999996,-73.20561099999998
2185,1,-36.77694399999996,-73.20561099999998
2186,2,-36.77694399999996,-73.20561099999998
2187,3,-36.77694399999996,-73.20561099999998
2188,0,-37.200102999999956,-73.21635699999996
2189,1,-37.200102999999956,-73.21635699999996
2190,2,-37.200102999999956,-73.21635699999996
2191,3,-37.200102999999956,-73.21635699999996
2192,0,-37.20425599999993,-73.22032899999994
2193,1,-37.20425599999993,-73.22032899999994
2194,2,-37.20425599999993,-73.22032899999994
2195,3,-37.20425599999993,-73.22032899999994
2196,0,-37.832360999999935,-73.22322099999997
2197,1,-37.832360999999935,-73.22322099999997
2198,2,-37.832360999999935,-73.22322099999997
2199,3,-37.832360999999935,-73.22322099999997
2200,0,-37.20773499999996,-73.22708399999993
2201,1,-37.20773499999996,-73.22708399999993
2202,2,-37.20773499999996,-73.22708399999993
2203,3,-37.20773499999996,-73.22708399999993
2204,0,-38.01869399999998,-73.23177799999996
2205,1,-38.01869399999998,-73.23177799999996
2206,2,-38.01869399999998,-73.23177799999996
2207,3,-38.01869399999998,-73.23177799999996
2208,0,-38.02097399999997,-73.23198599999995
2209,1,-38.02097399999997,-73.23198599999995
2210,2,-38.02097399999997,-73.23198599999995
2211,3,-38.02097399999997,-73.23198599999995
2212,0,-37.252332999999965,-73.23661399999997
2213,1,-37.252332999999965,-73.23661399999997
2214,2,-37.252332999999965,-73.23661399999997
2215,3,-37.252332999999965,-73.23661399999997
2216,0,-38.015750999999966,-73.23840199999995
2217,1,-38.015750999999966,-73.23840199999995
2218,2,-38.015750999999966,-73.23840199999995
2219,3,-38.015750999999966,-73.23840199999995
2220,0,-37.42325299999993,-73.23918299999997
2221,1,-37.42325299999993,-73.23918299999997
2222,2,-37.42325299999993,-73.23918299999997
2223,3,-37.42325299999993,-73.23918299999997
2224,0,-37.955277999999964,-73.24072199999995
2225,1,-37.955277999999964,-73.24072199999995
2226,2,-37.955277999999964,-73.24072199999995
2227,3,-37.955277999999964,-73.24072199999995
2228,0,-37.30748599999998,-73.26034999999996
2229,1,-37.30748599999998,-73.26034999999996
2230,2,-37.30748599999998,-73.26034999999996
2231,3,-37.30748599999998,-73.26034999999996
2232,0,-37.809166999999945,-73.26249999999999
2233,1,-37.809166999999945,-73.26249999999999
2234,2,-37.809166999999945,-73.26249999999999
2235,3,-37.809166999999945,-73.26249999999999
2236,0,-38.14838899999995,-73.26305599999995
2237,1,-38.14838899999995,-73.26305599999995
2238,2,-38.14838899999995,-73.26305599999995
2239,3,-38.14838899999995,-73.26305599999995
2240,0,-38.169055999999955,-73.26572199999998
2241,1,-38.169055999999955,-73.26572199999998
2242,2,-38.169055999999955,-73.26572199999998
2243,3,-38.169055999999955,-73.26572199999998
2244,0,-37.95229999999998,-73.26965999999999
2245,1,-37.95229999999998,-73.26965999999999
2246,2,-37.95229999999998,-73.26965999999999
2247,3,-37.95229999999998,-73.26965999999999
2248,0,-37.24583299999995,-73.27249999999998
2249,1,-37.24583299999995,-73.27249999999998
2250,2,-37.24583299999995,-73.27249999999998
2251,3,-37.24583299999995,-73.27249999999998
2252,0,-37.29640299999994,-73.28916999999996
2253,1,-37.29640299999994,-73.28916999999996
2254,2,-37.29640299999994,-73.28916999999996
2255,3,-37.29640299999994,-73.28916999999996
2256,0,-37.99991699999998,-73.28933299999994
2257,1,-37.99991699999998,-73.28933299999994
2258,2,-37.99991699999998,-73.28933299999994
2259,3,-37.99991699999998,-73.28933299999994
2260,0,-38.008332999999936,-73.29827799999998
2261,1,-38.008332999999936,-73.29827799999998
2262,2,-38.008332999999936,-73.29827799999998
2263,3,-38.008332999999936,-73.29827799999998
2264,0,-37.24267999999995,-73.30614999999995
2265,1,-37.24267999999995,-73.30614999999995
2266,2,-37.24267999999995,-73.30614999999995
2267,3,-37.24267999999995,-73.30614999999995
2268,0,-37.28194399999995,-73.31313899999998
2269,1,-37.28194399999995,-73.31313899999998
2270,2,-37.28194399999995,-73.31313899999998
2271,3,-37.28194399999995,-73.31313899999998
2272,0,-37.24605799999995,-73.31844399999994
2273,1,-37.24605799999995,-73.31844399999994
2274,2,-37.24605799999995,-73.31844399999994
2275,3,-37.24605799999995,-73.31844399999994
2276,0,-37.25271299999997,-73.32365999999996
2277,1,-37.25271299999997,-73.32365999999996
2278,2,-37.25271299999997,-73.32365999999996
2279,3,-37.25271299999997,-73.32365999999996
2280,0,-37.49007299999994,-73.32527799999997
2281,1,-37.49007299999994,-73.32527799999997
2282,2,-37.49007299999994,-73.32527799999997
2283,3,-37.49007299999994,-73.32527799999997
2284,0,-37.24738899999994,-73.33044399999994
2285,1,-37.24738899999994,-73.33044399999994
2286,2,-37.24738899999994,-73.33044399999994
2287,3,-37.24738899999994,-73.33044399999994
2288,0,-37.47988799999996,-73.33228199999996
2289,1,-37.47988799999996,-73.33228199999996
2290,2,-37.47988799999996,-73.33228199999996
2291,3,-37.47988799999996,-73.33228199999996
2292,0,-38.34843999999998,-73.33804999999995
2293,1,-38.34843999999998,-73.33804999999995
2294,2,-38.34843999999998,-73.33804999999995
2295,3,-38.34843999999998,-73.33804999999995
2296,0,-37.48472199999998,-73.33999999999997
2297,1,-37.48472199999998,-73.33999999999997
2298,2,-37.48472199999998,-73.33999999999997
2299,3,-37.48472199999998,-73.33999999999997
2300,0,-37.479443999999944,-73.34722199999999
2301,1,-37.479443999999944,-73.34722199999999
2302,2,-37.479443999999944,-73.34722199999999
2303,3,-37.479443999999944,-73.34722199999999
2304,0,-37.47266499999995,-73.34784899999994
2305,1,-37.47266499999995,-73.34784899999994
2306,2,-37.47266499999995,-73.34784899999994
2307,3,-37.47266499999995,-73.34784899999994
2308,0,-37.41691799999995,-73.34929999999997
2309,1,-37.41691799999995,-73.34929999999997
2310,2,-37.41691799999995,-73.34929999999997
2311,3,-37.41691799999995,-73.34929999999997
2312,0,-37.473446999999965,-73.35031599999996
2313,1,-37.473446999999965,-73.35031599999996
2314,2,-37.473446999999965,-73.35031599999996
2315,3,-37.473446999999965,-73.35031599999996
2316,0,-37.319732999999985,-73.35174999999998
2317,1,-37.319732999999985,-73.35174999999998
2318,2,-37.319732999999985,-73.35174999999998
2319,3,-37.319732999999985,-73.35174999999998
2320,0,-37.465030999999954,-73.36176399999994
2321,1,-37.465030999999954,-73.36176399999994
2322,2,-37.465030999999954,-73.36176399999994
2323,3,-37.465030999999954,-73.36176399999994
2324,0,-37.75648899999993,-73.36761099999995
2325,1,-37.75648899999993,-73.36761099999995
2326,2,-37.75648899999993,-73.36761099999995
2327,3,-37.75648899999993,-73.36761099999995
2328,0,-38.15519399999994,-73.37244399999997
2329,1,-38.15519399999994,-73.37244399999997
2330,2,-38.15519399999994,-73.37244399999997
2331,3,-38.15519399999994,-73.37244399999997
2332,0,-37.334360999999944,-73.37461099999996
2333,1,-37.334360999999944,-73.37461099999996
2334,2,-37.334360999999944,-73.37461099999996
2335,3,-37.334360999999944,-73.37461099999996
2336,0,-37.85236699999996,-73.37508299999996
2337,1,-37.85236699999996,-73.37508299999996
2338,2,-37.85236699999996,-73.37508299999996
2339,3,-37.85236699999996,-73.37508299999996
2340,0,-37.320411999999976,-73.38207899999998
2341,1,-37.320411999999976,-73.38207899999998
2342,2,-37.320411999999976,-73.38207899999998
2343,3,-37.320411999999976,-73.38207899999998
2344,0,-37.78227799999996,-73.38608299999999
2345,1,-37.78227799999996,-73.38608299999999
2346,2,-37.78227799999996,-73.38608299999999
2347,3,-37.78227799999996,-73.38608299999999
2348,0,-37.78218499999997,-73.38638399999996
2349,1,-37.78218499999997,-73.38638399999996
2350,2,-37.78218499999997,-73.38638399999996
2351,3,-37.78218499999997,-73.38638399999996
2352,0,-37.788779999999974,-73.38720099999995
2353,1,-37.788779999999974,-73.38720099999995
2354,2,-37.788779999999974,-73.38720099999995
2355,3,-37.788779999999974,-73.38720099999995
2356,0,-37.82914299999993,-73.38943599999999
2357,1,-37.82914299999993,-73.38943599999999
2358,2,-37.82914299999993,-73.38943599999999
2359,3,-37.82914299999993,-73.38943599999999
2360,0,-37.79432899999995,-73.38985999999994
2361,1,-37.79432899999995,-73.38985999999994
2362,2,-37.79432899999995,-73.38985999999994
2363,3,-37.79432899999995,-73.38985999999994
2364,0,-37.65861099999995,-73.39263899999997
2365,1,-37.65861099999995,-73.39263899999997
2366,2,-37.65861099999995,-73.39263899999997
2367,3,-37.65861099999995,-73.39263899999997
2368,0,-37.79841399999998,-73.39845099999997
2369,1,-37.79841399999998,-73.39845099999997
2370,2,-37.79841399999998,-73.39845099999997
2371,3,-37.79841399999998,-73.39845099999997
2372,0,-37.803346999999974,-73.39915799999994
2373,1,-37.803346999999974,-73.39915799999994
2374,2,-37.803346999999974,-73.39915799999994
2375,3,-37.803346999999974,-73.39915799999994
2376,0,-37.80721099999994,-73.40439099999998
2377,1,-37.80721099999994,-73.40439099999998
2378,2,-37.80721099999994,-73.40439099999998
2379,3,-37.80721099999994,-73.40439099999998
2380,0,-37.628953999999965,-73.40671299999997
2381,1,-37.628953999999965,-73.40671299999997
2382,2,-37.628953999999965,-73.40671299999997
2383,3,-37.628953999999965,-73.40671299999997
2384,0,-37.80022199999996,-73.40849999999995
2385,1,-37.80022199999996,-73.40849999999995
2386,2,-37.80022199999996,-73.40849999999995
2387,3,-37.80022199999996,-73.40849999999995
2388,0,-38.06472199999996,-73.41583299999996
2389,1,-38.06472199999996,-73.41583299999996
2390,2,-38.06472199999996,-73.41583299999996
2391,3,-38.06472199999996,-73.41583299999996
2392,0,-37.62352999999996,-73.42034199999995
2393,1,-37.62352999999996,-73.42034199999995
2394,2,-37.62352999999996,-73.42034199999995
2395,3,-37.62352999999996,-73.42034199999995
2396,0,-37.55828999999994,-73.42068299999994
2397,1,-37.55828999999994,-73.42068299999994
2398,2,-37.55828999999994,-73.42068299999994
2399,3,-37.55828999999994,-73.42068299999994
2400,0,-38.19166699999994,-73.42286099999995
2401,1,-38.19166699999994,-73.42286099999995
2402,2,-38.19166699999994,-73.42286099999995
2403,3,-38.19166699999994,-73.42286099999995
2404,0,-37.94610799999998,-73.42378199999996
2405,1,-37.94610799999998,-73.42378199999996
2406,2,-37.94610799999998,-73.42378199999996
2407,3,-37.94610799999998,-73.42378199999996
2408,0,-37.27922199999995,-73.43472199999997
2409,1,-37.27922199999995,-73.43472199999997
2410,2,-37.27922199999995,-73.43472199999997
2411,3,-37.27922199999995,-73.43472199999997
2412,0,-37.749499999999955,-73.44072199999994
2413,1,-37.749499999999955,-73.44072199999994
2414,2,-37.749499999999955,-73.44072199999994
2415,3,-37.749499999999955,-73.44072199999994
2416,0,-37.230010999999934,-73.44191899999998
2417,1,-37.230010999999934,-73.44191899999998
2418,2,-37.230010999999934,-73.44191899999998
2419,3,-37.230010999999934,-73.44191899999998
2420,0,-37.90279999999996,-73.44329999999997
2421,1,-37.90279999999996,-73.44329999999997
2422,2,-37.90279999999996,-73.44329999999997
2423,3,-37.90279999999996,-73.44329999999997
2424,0,-38.27492099999995,-73.44954599999994
2425,1,-38.27492099999995,-73.44954599999994
2426,2,-38.27492099999995,-73.44954599999994
2427,3,-38.27492099999995,-73.44954599999994
2428,0,-37.80724799999996,-73.44980399999997
2429,1,-37.80724799999996,-73.44980399999997
2430,2,-37.80724799999996,-73.44980399999997
2431,3,-37.80724799999996,-73.44980399999997
2432,0,-37.63224799999995,-73.45224199999996
2433,1,-37.63224799999995,-73.45224199999996
2434,2,-37.63224799999995,-73.45224199999996
2435,3,-37.63224799999995,-73.45224199999996
2436,0,-37.62643799999995,-73.45659699999999
2437,1,-37.62643799999995,-73.45659699999999
2438,2,-37.62643799999995,-73.45659699999999
2439,3,-37.62643799999995,-73.45659699999999
2440,0,-37.324138999999946,-73.47952799999996
2441,1,-37.324138999999946,-73.47952799999996
2442,2,-37.324138999999946,-73.47952799999996
2443,3,-37.324138999999946,-73.47952799999996
2444,0,-38.45508599999994,-73.48051799999996
2445,1,-38.45508599999994,-73.48051799999996
2446,2,-38.45508599999994,-73.48051799999996
2447,3,-38.45508599999994,-73.48051799999996
2448,0,-37.76094399999994,-73.48486099999997
2449,1,-37.76094399999994,-73.48486099999997
2450,2,-37.76094399999994,-73.48486099999997
2451,3,-37.76094399999994,-73.48486099999997
2452,0,-38.24761799999993,-73.49511699999994
2453,1,-38.24761799999993,-73.49511699999994
2454,2,-38.24761799999993,-73.49511699999994
2455,3,-38.24761799999993,-73.49511699999994
2456,0,-37.798666999999966,-73.49613899999997
2457,1,-37.798666999999966,-73.49613899999997
2458,2,-37.798666999999966,-73.49613899999997
2459,3,-37.798666999999966,-73.49613899999997
2460,0,-37.29914999999994,-73.49703299999999
2461,1,-37.29914999999994,-73.49703299999999
2462,2,-37.29914999999994,-73.49703299999999
2463,3,-37.29914999999994,-73.49703299999999
2464,0,-38.34995799999996,-73.49774699999995
2465,1,-38.34995799999996,-73.49774699999995
2466,2,-38.34995799999996,-73.49774699999995
2467,3,-38.34995799999996,-73.49774699999995
2468,0,-37.56658299999998,-73.50099999999998
2469,1,-37.56658299999998,-73.50099999999998
2470,2,-37.56658299999998,-73.50099999999998
2471,3,-37.56658299999998,-73.50099999999998
2472,0,-37.58647199999996,-73.50205599999998
2473,1,-37.58647199999996,-73.50205599999998
2474,2,-37.58647199999996,-73.50205599999998
2475,3,-37.58647199999996,-73.50205599999998
2476,0,-37.67080599999997,-73.53108299999997
2477,1,-37.67080599999997,-73.53108299999997
2478,2,-37.67080599999997,-73.53108299999997
2479,3,-37.67080599999997,-73.53108299999997
2480,0,-36.99306299999995,-73.53460199999995
2481,1,-36.99306299999995,-73.53460199999995
2482,2,-36.99306299999995,-73.53460199999995
2483,3,-36.99306299999995,-73.53460199999995
2484,0,-37.32294399999995,-73.55722199999997
2485,1,-37.32294399999995,-73.55722199999997
2486,2,-37.32294399999995,-73.55722199999997
2487,3,-37.32294399999995,-73.55722199999997
2488,0,-37.19858899999997,-73.55755599999998
2489,1,-37.19858899999997,-73.55755599999998
2490,2,-37.19858899999997,-73.55755599999998
2491,3,-37.19858899999997,-73.55755599999998
2492,0,-37.30583299999995,-73.56105599999995
2493,1,-37.30583299999995,-73.56105599999995
2494,2,-37.30583299999995,-73.56105599999995
2495,3,-37.30583299999995,-73.56105599999995
2496,0,-37.71091699999994,-73.56205599999998
2497,1,-37.71091699999994,-73.56205599999998
2498,2,-37.71091699999994,-73.56205599999998
2499,3,-37.71091699999994,-73.56205599999998
2500,0,-37.46977799999996,-73.58166699999998
2501,1,-37.46977799999996,-73.58166699999998
2502,2,-37.46977799999996,-73.58166699999998
2503,3,-37.46977799999996,-73.58166699999998
2504,0,-37.15522199999998,-73.58247199999994
2505,1,-37.15522199999998,-73.58247199999994
2506,2,-37.15522199999998,-73.58247199999994
2507,3,-37.15522199999998,-73.58247199999994
2508,0,-37.64630599999998,-73.62172199999998
2509,1,-37.64630599999998,-73.62172199999998
2510,2,-37.64630599999998,-73.62172199999998
2511,3,-37.64630599999998,-73.62172199999998
2512,0,-37.69414999999998,-73.63039999999995
2513,1,-37.69414999999998,-73.63039999999995
2514,2,-37.69414999999998,-73.63039999999995
2515,3,-37.69414999999998,-73.63039999999995
2516,0,-37.24147199999993,-73.63866699999994
2517,1,-37.24147199999993,-73.63866699999994
2518,2,-37.24147199999993,-73.63866699999994
2519,3,-37.24147199999993,-73.63866699999994
2520,0,-37.59302799999995,-73.64061099999998
2521,1,-37.59302799999995,-73.64061099999998
2522,2,-37.59302799999995,-73.64061099999998
2523,3,-37.59302799999995,-73.64061099999998
2524,0,-37.61118899999997,-73.64646599999998
2525,1,-37.61118899999997,-73.64646599999998
2526,2,-37.61118899999997,-73.64646599999998
2527,3,-37.61118899999997,-73.64646599999998
2528,0,-37.69013599999994,-73.64742499999994
2529,1,-37.69013599999994,-73.64742499999994
2530,2,-37.69013599999994,-73.64742499999994
2531,3,-37.69013599999994,-73.64742499999994
2532,0,-37.61800599999998,-73.65161299999994
2533,1,-37.61800599999998,-73.65161299999994
2534,2,-37.61800599999998,-73.65161299999994
2535,3,-37.61800599999998,-73.65161299999994
2536,0,-37.60630299999997,-73.65201899999994
2537,1,-37.60630299999997,-73.65201899999994
2538,2,-37.60630299999997,-73.65201899999994
2539,3,-37.60630299999997,-73.65201899999994
2540,0,-37.60957199999996,-73.65836299999995
2541,1,-37.60957199999996,-73.65836299999995
2542,2,-37.60957199999996,-73.65836299999995
2543,3,-37.60957199999996,-73.65836299999995
2544,0,-37.611144999999965,-73.66140699999994
2545,1,-37.611144999999965,-73.66140699999994
2546,2,-37.611144999999965,-73.66140699999994
2547,3,-37.611144999999965,-73.66140699999994
